concelho,casos,dia
Lisboa,175,24-03-2020
Porto,126,24-03-2020
Maia,104,24-03-2020
Vila Nova de Gaia,68,24-03-2020
Valongo,65,24-03-2020
Gondomar,56,24-03-2020
Ovar,55,24-03-2020
Matosinhos,54,24-03-2020
Cascais,39,24-03-2020
Sintra,39,24-03-2020
Coimbra,34,24-03-2020
Santa Maria da Feira,33,24-03-2020
Almada,31,24-03-2020
Lousada,29,24-03-2020
Loures,24,24-03-2020
Amadora,21,24-03-2020
Braga,21,24-03-2020
Seixal,21,24-03-2020
Felgueiras,17,24-03-2020
Oeiras,16,24-03-2020
Guimarães,15,24-03-2020
Odivelas,14,24-03-2020
Vila Nova de Famalicão,12,24-03-2020
Oliveira de Azeméis,11,24-03-2020
Funchal,10,24-03-2020
Santarém,9,24-03-2020
Espinho,8,24-03-2020
Faro,8,24-03-2020
Portimão,8,24-03-2020
Vila do Conde,8,24-03-2020
Mafra,7,24-03-2020
Paredes,7,24-03-2020
Santo Tirso,7,24-03-2020
Setúbal,7,24-03-2020
Viana do Castelo,7,24-03-2020
Aveiro,6,24-03-2020
Penafiel,6,24-03-2020
Viseu,6,24-03-2020
Albergaria-a-Velha,5,24-03-2020
Albufeira,5,24-03-2020
Barreiro,5,24-03-2020
Montijo,5,24-03-2020
Paços de Ferreira,5,24-03-2020
Vila Franca de Xira,5,24-03-2020
Bragança,4,24-03-2020
Cartaxo,4,24-03-2020
Coruche,4,24-03-2020
Évora,4,24-03-2020
Moita,4,24-03-2020
Sesimbra,4,24-03-2020
Vila Real,4,24-03-2020
Águeda,3,24-03-2020
Alcochete,3,24-03-2020
Arcos de Valdevez,3,24-03-2020
Barcelos,3,24-03-2020
Câmara de Lobos,3,24-03-2020
Chaves,3,24-03-2020
Condeixa-a-Nova,3,24-03-2020
Guarda,3,24-03-2020
Lagoa (Faro),3,24-03-2020
Marco de Canaveses,3,24-03-2020
Mirandela,3,24-03-2020
Pombal,3,24-03-2020
Silves,3,24-03-2020
Soure,3,24-03-2020
Vale de Cambra,3,24-03-2020
Lisboa,187,25-03-2020
Porto,137,25-03-2020
Maia,119,25-03-2020
Vila Nova de Gaia,83,25-03-2020
Valongo,71,25-03-2020
Gondomar,62,25-03-2020
Ovar,58,25-03-2020
Matosinhos,56,25-03-2020
Cascais,43,25-03-2020
Sintra,43,25-03-2020
Coimbra,41,25-03-2020
Santa Maria da Feira,39,25-03-2020
Almada,35,25-03-2020
Seixal,29,25-03-2020
Loures,28,25-03-2020
Lousada,27,25-03-2020
Braga,25,25-03-2020
Amadora,24,25-03-2020
Odivelas,18,25-03-2020
Oliveira de Azeméis,18,25-03-2020
Felgueiras,17,25-03-2020
Guimarães,17,25-03-2020
Oeiras,17,25-03-2020
Vila Nova de Famalicão,14,25-03-2020
Viseu,11,25-03-2020
Funchal,10,25-03-2020
Paços de Ferreira,10,25-03-2020
Espinho,9,25-03-2020
Faro,9,25-03-2020
Santarém,9,25-03-2020
Setúbal,9,25-03-2020
Vila Real,9,25-03-2020
Albufeira,8,25-03-2020
Mafra,8,25-03-2020
Paredes,8,25-03-2020
Santo Tirso,8,25-03-2020
Vila do Conde,8,25-03-2020
Penafiel,7,25-03-2020
Portimão,7,25-03-2020
Viana do Castelo,7,25-03-2020
Aveiro,6,25-03-2020
Barreiro,6,25-03-2020
Vila Franca de Xira,6,25-03-2020
Albergaria-a-Velha,5,25-03-2020
Évora,5,25-03-2020
Moita,5,25-03-2020
Bragança,4,25-03-2020
Cartaxo,4,25-03-2020
Coruche,4,25-03-2020
Marco de Canaveses,4,25-03-2020
Montijo,4,25-03-2020
Sesimbra,4,25-03-2020
Vale de Cambra,4,25-03-2020
Águeda,3,25-03-2020
Alcochete,3,25-03-2020
Almeirim,3,25-03-2020
Arcos de Valdevez,3,25-03-2020
Barcelos,3,25-03-2020
Câmara de Lobos,3,25-03-2020
Chaves,3,25-03-2020
Condeixa-a-Nova,3,25-03-2020
Guarda,3,25-03-2020
Lagoa (Faro),3,25-03-2020
Mirandela,3,25-03-2020
Ourém,3,25-03-2020
Pombal,3,25-03-2020
Silves,3,25-03-2020
Soure,3,25-03-2020
Lisboa,284,26-03-2020
Porto,259,26-03-2020
Vila Nova de Gaia,163,26-03-2020
Maia,157,26-03-2020
Ovar,119,26-03-2020
Gondomar,114,26-03-2020
Valongo,100,26-03-2020
Braga,98,26-03-2020
Coimbra,87,26-03-2020
Matosinhos,81,26-03-2020
Aveiro,46,26-03-2020
Santa Maria da Feira,45,26-03-2020
Cascais,44,26-03-2020
Vila Nova de Famalicão,44,26-03-2020
Guimarães,41,26-03-2020
Almada,35,26-03-2020
Lousada,33,26-03-2020
Amadora,31,26-03-2020
Seixal,29,26-03-2020
Loures,28,26-03-2020
Oliveira de Azeméis,26,26-03-2020
Faro,25,26-03-2020
Felgueiras,24,26-03-2020
Albergaria-a-Velha,21,26-03-2020
Ilha da Madeira,20,26-03-2020
Viseu,20,26-03-2020
Bragança,19,26-03-2020
Paços de Ferreira,19,26-03-2020
Viana do Castelo,19,26-03-2020
Albufeira,18,26-03-2020
Odivelas,18,26-03-2020
Oeiras,17,26-03-2020
Paredes,16,26-03-2020
Portimão,16,26-03-2020
Barcelos,15,26-03-2020
Espinho,13,26-03-2020
Póvoa de Varzim,13,26-03-2020
Santo Tirso,13,26-03-2020
Pombal,12,26-03-2020
Vila do Conde,12,26-03-2020
Penafiel,11,26-03-2020
Águeda,10,26-03-2020
Ílhavo,10,26-03-2020
Santarém,9,26-03-2020
Setúbal,9,26-03-2020
Arcos de Valdevez,8,26-03-2020
Évora,8,26-03-2020
Loulé,8,26-03-2020
Mafra,8,26-03-2020
Sintra,8,26-03-2020
Trofa,8,26-03-2020
Vila Real,8,26-03-2020
Ilha S. Jorge,7,26-03-2020
Leiria,7,26-03-2020
Soure,7,26-03-2020
Amares,6,26-03-2020
Barreiro,6,26-03-2020
Estarreja,6,26-03-2020
Grândola,6,26-03-2020
Ilha Terceira,6,26-03-2020
Marco de Canavezes,6,26-03-2020
Marinha Grande,6,26-03-2020
Oliveira do Bairro,6,26-03-2020
Vila Franca de Xira,6,26-03-2020
Esposende,5,26-03-2020
Fafe,5,26-03-2020
Ilha de S. Miguel,5,26-03-2020
Mirandela,5,26-03-2020
Moita,5,26-03-2020
Ponte de Lima,5,26-03-2020
Silves,5,26-03-2020
Cantanhede,4,26-03-2020
Cartaxo,4,26-03-2020
Condeixa-a-Nova,4,26-03-2020
Coruche,4,26-03-2020
Lagos,4,26-03-2020
Montemor-o- Velho,4,26-03-2020
Montijo,4,26-03-2020
Póvoa de Lanhoso,4,26-03-2020
Sesimbra,4,26-03-2020
Alcochete,3,26-03-2020
Almeirim,3,26-03-2020
Alvaiázere,3,26-03-2020
Caminha,3,26-03-2020
Chaves,3,26-03-2020
Ilha do Faial,3,26-03-2020
Ilha do Pico,3,26-03-2020
Macedo de Cavaleiros,3,26-03-2020
Nelas,3,26-03-2020
Ourém,3,26-03-2020
Resende,3,26-03-2020
São João da Madeira,3,26-03-2020
Vagos,3,26-03-2020
Vale de Cambra,3,26-03-2020
Vila Real de Santo António,3,26-03-2020
Porto,317,27-03-2020
Lisboa,284,27-03-2020
Vila Nova de Gaia,262,27-03-2020
Maia,171,27-03-2020
Gondomar,149,27-03-2020
Ovar,145,27-03-2020
Braga,131,27-03-2020
Coimbra,109,27-03-2020
Valongo,108,27-03-2020
Matosinhos,107,27-03-2020
Aveiro,55,27-03-2020
Santa Maria da Feira,54,27-03-2020
Guimarães,51,27-03-2020
Vila Nova de Famalicão,48,27-03-2020
Cascais,44,27-03-2020
Lousada,38,27-03-2020
Almada,35,27-03-2020
Vila Real,34,27-03-2020
Amadora,31,27-03-2020
Oliveira de Azeméis,30,27-03-2020
Seixal,29,27-03-2020
Albergaria-a-Velha,28,27-03-2020
Loures,28,27-03-2020
Felgueiras,26,27-03-2020
Faro,26,27-03-2020
Albufeira,22,27-03-2020
Paços de Ferreira,22,27-03-2020
Viseu,21,27-03-2020
Barcelos,20,27-03-2020
Bragança,20,27-03-2020
Santo Tirso,20,27-03-2020
Ilha da Madeira,20,27-03-2020
Viana do Castelo,19,27-03-2020
Paredes,18,27-03-2020
Condeixa-a-Nova,5,27-03-2020
Odivelas,18,27-03-2020
Espinho,17,27-03-2020
Oeiras,17,27-03-2020
Portimão,17,27-03-2020
Póvoa de Varzim,15,27-03-2020
Vila do Conde,15,27-03-2020
Loulé,14,27-03-2020
Pombal,13,27-03-2020
Moita,5,27-03-2020
Ílhavo,12,27-03-2020
Silves,5,27-03-2020
Penafiel,11,27-03-2020
V. R. S. António,5,27-03-2020
Águeda,10,27-03-2020
Anadia,4,27-03-2020
Estarreja,9,27-03-2020
Cantanhede,4,27-03-2020
Resende,9,27-03-2020
Macedo de Cavaleiros,4,27-03-2020
São João da Madeira,9,27-03-2020
Santarém,9,27-03-2020
Setúbal,9,27-03-2020
Arcos de Valdevez,8,27-03-2020
Montemor-o-Velho,8,27-03-2020
Trofa,8,27-03-2020
Évora,8,27-03-2020
Mafra,8,27-03-2020
Sintra,8,27-03-2020
Amares,7,27-03-2020
Leiria,7,27-03-2020
Oliveira do Bairro,7,27-03-2020
Póvoa de Lanhoso,7,27-03-2020
Soure,7,27-03-2020
Ilha S. Jorge,7,27-03-2020
Marco de Canavezes,6,27-03-2020
Marinha Grande,6,27-03-2020
Mirandela,6,27-03-2020
Vizela,3,27-03-2020
Barreiro,6,27-03-2020
Alcochete,3,27-03-2020
Grândola,6,27-03-2020
Almeirim,3,27-03-2020
Ilha Terceira,6,27-03-2020
Ilha do Faial,3,27-03-2020
Vila Franca de Xira,6,27-03-2020
Ilha do Pico,3,27-03-2020
Ourém,3,27-03-2020
Esposende,5,27-03-2020
Fafe,5,27-03-2020
Ponte de Lima,5,27-03-2020
Vale de Cambra,5,27-03-2020
Vila Verde,5,27-03-2020
Ilha de S. Miguel,5,27-03-2020
Murtosa,4,27-03-2020
Penacova,4,27-03-2020
Vagos,4,27-03-2020
Cartaxo,4,27-03-2020
Coruche,4,27-03-2020
Lagoa,4,27-03-2020
Montijo,4,27-03-2020
Sesimbra,4,27-03-2020
Almeida,3,27-03-2020
Alvaiázere,3,27-03-2020
Amarante,3,27-03-2020
Caminha,3,27-03-2020
Chaves,3,27-03-2020
Figueira da Foz,3,27-03-2020
Nelas,3,27-03-2020
Torre de Moncorvo,3,27-03-2020
Lisboa,366,28-03-2020
Porto,343,28-03-2020
Vila Nova de Gaia*,262,28-03-2020
Maia,219,28-03-2020
Matosinhos,189,28-03-2020
Gondomar,153,28-03-2020
Braga,152,28-03-2020
Ovar*,145,28-03-2020
Valongo,139,28-03-2020
Sintra,116,28-03-2020
Coimbra,110,28-03-2020
Santa Maria da Feira,103,28-03-2020
Vila Real,98,28-03-2020
Cascais,81,28-03-2020
Aveiro,62,28-03-2020
Seixal,59,28-03-2020
Loures,57,28-03-2020
Almada,53,28-03-2020
Guimarães*,51,28-03-2020
Vila Nova de Famalicão*,48,28-03-2020
Oeiras,47,28-03-2020
Odivelas,46,28-03-2020
Oliveira de Azeméis,46,28-03-2020
Amadora,41,28-03-2020
Lousada*,38,28-03-2020
Resende,32,28-03-2020
Albergaria-a-Velha,28,28-03-2020
Faro,26,28-03-2020
Felgueiras*,26,28-03-2020
Bragança,25,28-03-2020
Mafra*,24,28-03-2020
Santo Tirso,24,28-03-2020
Viana do Castelo,24,28-03-2020
Vila do Conde,22,28-03-2020
Paços de Ferreira*,22,28-03-2020
Albufeira*,22,28-03-2020
Paredes,21,28-03-2020
Viseu,21,28-03-2020
Santarém,20,28-03-2020
Barcelos,20,28-03-2020
Espinho,18,28-03-2020
Barreiro*,18,28-03-2020
Portimão,17,28-03-2020
Funchal,16,28-03-2020
Vila Franca de Xira*,16,28-03-2020
Estarreja,15,28-03-2020
Póvoa de Varzim*,15,28-03-2020
Setúbal,15,28-03-2020
Vale de Cambra,15,28-03-2020
Trofa,14,28-03-2020
Águeda,13,28-03-2020
Cartaxo*,13,28-03-2020
Loulé,13,28-03-2020
Penafiel,13,28-03-2020
Pombal*,13,28-03-2020
São João da Madeira,13,28-03-2020
Torres Vedras*,13,28-03-2020
Évora,12,28-03-2020
Ílhavo*,12,28-03-2020
Chaves,10,28-03-2020
Moita,10,28-03-2020
Vila Verde,10,28-03-2020
Marco de Canaveses,9,28-03-2020
Montijo,9,28-03-2020
Amares,8,28-03-2020
Arouca,8,28-03-2020
Caldas da Rainha*,8,28-03-2020
Mirandela,8,28-03-2020
Montemor-o-Velho,8,28-03-2020
Almeirim,7,28-03-2020
Arcos de Valdevez,7,28-03-2020
Cantanhede,7,28-03-2020
Esposende,7,28-03-2020
Leiria*,7,28-03-2020
Marinha Grande,7,28-03-2020
Oliveira de Frades,3,28-03-2020
Oliveira do Bairro,7,28-03-2020
Penacova,3,28-03-2020
Póvoa de Lanhoso,7,28-03-2020
Torre de Moncorvo*,3,28-03-2020
Sesimbra,7,28-03-2020
Soure*,7,28-03-2020
Benavente*,6,28-03-2020
Condeixa-a-Nova,6,28-03-2020
Grândola*,6,28-03-2020
Tomar*,6,28-03-2020
Fafe,5,28-03-2020
Murtosa,5,28-03-2020
Palmela*,5,28-03-2020
Ponte de Lima*,5,28-03-2020
Silves,5,28-03-2020
Vagos,5,28-03-2020
Velas,5,28-03-2020
Vila Real de Santo António,5,28-03-2020
Alvaiázere,4,28-03-2020
Amarante,4,28-03-2020
Anadia,4,28-03-2020
Calheta (Açores),4,28-03-2020
Câmara de Lobos,4,28-03-2020
Coruche,4,28-03-2020
Horta,4,28-03-2020
Macedo de Cavaleiros*,4,28-03-2020
Nelas,4,28-03-2020
Ourém,4,28-03-2020
Vizela,4,28-03-2020
Almeida*,3,28-03-2020
Alcochete,3,28-03-2020
Alpiarça,3,28-03-2020
Caminha,3,28-03-2020
Carrazeda de Ansiães,3,28-03-2020
Figueira da Foz*,3,28-03-2020
Lagoa (Faro),3,28-03-2020
Madalena,3,28-03-2020
Monção,3,28-03-2020
Reguengos de Monsaraz,3,28-03-2020
Torres Novas*,3,28-03-2020
Vila Pouca de Aguiar,3,28-03-2020
Lisboa,505,31-03-2020
Porto,462,31-03-2020
Vila Nova de Gaia,338,31-03-2020
Gondomar,298,31-03-2020
Maia,293,31-03-2020
Matosinhos,273,31-03-2020
Braga,220,31-03-2020
Valongo,210,31-03-2020
Sintra,167,31-03-2020
Ovar,159,31-03-2020
Coimbra,157,31-03-2020
Santa Maria da Feira,148,31-03-2020
Cascais,133,31-03-2020
Vila Real,121,31-03-2020
Vila Nova de Famalicão,93,31-03-2020
Loures,84,31-03-2020
Guimarães,81,31-03-2020
Seixal,71,31-03-2020
Almada,71,31-03-2020
Aveiro,70,31-03-2020
Oeiras,70,31-03-2020
Odivelas,66,31-03-2020
Amadora,62,31-03-2020
Oliveira de Azeméis,59,31-03-2020
Lousada,52,31-03-2020
Bragança,48,31-03-2020
Felgueiras,45,31-03-2020
Santo Tirso,43,31-03-2020
Paredes,42,31-03-2020
Paços de Ferreira,40,31-03-2020
Barcelos,39,31-03-2020
Barreiro,37,31-03-2020
Resende,35,31-03-2020
Vila do Conde,34,31-03-2020
Mafra,34,31-03-2020
Viana do Castelo,33,31-03-2020
Albergaria-a-Velha,31,31-03-2020
Trofa,31,31-03-2020
Penafiel,31,31-03-2020
Albufeira,30,31-03-2020
Santarém,27,31-03-2020
Faro,26,31-03-2020
São João da Madeira,25,31-03-2020
Carrazeda de Ansiães,3,31-03-2020
Espinho,25,31-03-2020
Vila Verde,25,31-03-2020
Setúbal,25,31-03-2020
Loulé,23,31-03-2020
Vale de Cambra,22,31-03-2020
Moita,22,31-03-2020
Vila Franca de Xira,22,31-03-2020
Pombal,21,31-03-2020
Portimão,21,31-03-2020
Estarreja,20,31-03-2020
Condeixa-a-Nova,19,31-03-2020
Viseu,19,31-03-2020
Funchal,18,31-03-2020
Marco de Canaveses,17,31-03-2020
Évora,15,31-03-2020
Póvoa de Varzim,15,31-03-2020
Póvoa de Lanhoso,14,31-03-2020
Águeda,14,31-03-2020
Montijo,14,31-03-2020
Vila da Praia da Vitória,5,31-03-2020
Torres Vedras,13,31-03-2020
Arouca,12,31-03-2020
Montemor-o-Velho,12,31-03-2020
Amares,11,31-03-2020
Mirandela,11,31-03-2020
Cantanhede,11,31-03-2020
Palmela,11,31-03-2020
Esposende,10,31-03-2020
Chaves,10,31-03-2020
Sesimbra,10,31-03-2020
Vila Real de Santo António,9,31-03-2020
Arcos de Valdevez,9,31-03-2020
Cartaxo,9,31-03-2020
Oliveira do Bairro,9,31-03-2020
Almeirim,8,31-03-2020
Vizela,8,31-03-2020
Amarante,8,31-03-2020
Macedo de Cavaleiros,7,31-03-2020
Madalena,3,31-03-2020
Soure,7,31-03-2020
Coruche,7,31-03-2020
Benavente,7,31-03-2020
Marinha Grande,7,31-03-2020
Fafe,7,31-03-2020
Vieira do Minho,3,31-03-2020
Oliveira de Frades,6,31-03-2020
Murtosa,6,31-03-2020
Horta,6,31-03-2020
Santiago do Cacém,6,31-03-2020
Câmara de Lobos,6,31-03-2020
Silves,6,31-03-2020
Leiria,6,31-03-2020
Calheta,5,31-03-2020
Velas,5,31-03-2020
Ponta do Sol,5,31-03-2020
Penacova,5,31-03-2020
Lousã,5,31-03-2020
Monção,5,31-03-2020
Lagoa,3,31-03-2020
Vagos,5,31-03-2020
Lamego,5,31-03-2020
Ourém,5,31-03-2020
Olhão,3,31-03-2020
Alvaiázere,4,31-03-2020
Melgaço,4,31-03-2020
Nelas,4,31-03-2020
Alcochete,4,31-03-2020
Rio Maior,4,31-03-2020
Alenquer,4,31-03-2020
Santa Cruz,4,31-03-2020
São Roque do Pico,3,31-03-2020
Góis,3,31-03-2020
Vimioso,3,31-03-2020
Vila Nova de Poiares,3,31-03-2020
Alpiarça,3,31-03-2020
Reguengos de Monsaraz,3,31-03-2020
Vila Pouca de Aguiar,3,31-03-2020
Miranda do Corvo,3,31-03-2020
Sines,3,31-03-2020
Grândola,3,31-03-2020
Valpaços,3,31-03-2020
São Pedro do Sul,3,31-03-2020
Peso da Régua,3,31-03-2020
Caminha,3,31-03-2020
Cinfães,3,31-03-2020
Mealhada,3,31-03-2020
Tavira,3,31-03-2020
Tomar,3,31-03-2020
Guarda,3,31-03-2020
Figueira da Foz,3,31-03-2020
Lisboa,546,01-04-2020
Porto,505,01-04-2020
Vila Nova de Gaia,387,01-04-2020
Gondomar,337,01-04-2020
Maia,328,01-04-2020
Matosinhos,303,01-04-2020
Braga,245,01-04-2020
Valongo,233,01-04-2020
Ovar,194,01-04-2020
Sintra,192,01-04-2020
Coimbra,164,01-04-2020
Santa Maria da Feira,162,01-04-2020
Cascais,134,01-04-2020
Vila Real,124,01-04-2020
Loures,101,01-04-2020
Vila Nova de Famalicão,99,01-04-2020
Guimarães,89,01-04-2020
Aveiro,87,01-04-2020
Seixal,79,01-04-2020
Almada,79,01-04-2020
Oeiras,78,01-04-2020
Odivelas,72,01-04-2020
Amadora,68,01-04-2020
Oliveira de Azeméis,67,01-04-2020
Barcelos,55,01-04-2020
Lousada,52,01-04-2020
Felgueiras,50,01-04-2020
Bragança,49,01-04-2020
Santo Tirso,48,01-04-2020
Paços de Ferreira,47,01-04-2020
Paredes,44,01-04-2020
Vila do Conde,39,01-04-2020
Barreiro,38,01-04-2020
Pombal,36,01-04-2020
Resende,36,01-04-2020
Mafra,35,01-04-2020
Trofa,35,01-04-2020
Benavente,10,01-04-2020
Viana do Castelo,34,01-04-2020
Albergaria-a-Velha,32,01-04-2020
Penafiel,32,01-04-2020
Albufeira,31,01-04-2020
Setúbal,31,01-04-2020
Vila Verde,30,01-04-2020
Moita,29,01-04-2020
Faro,28,01-04-2020
Santarém,28,01-04-2020
Marinha Grande,8,01-04-2020
São João da Madeira,28,01-04-2020
Espinho,26,01-04-2020
Estarreja,26,01-04-2020
Vila Franca de Xira,26,01-04-2020
Loulé,25,01-04-2020
Vale de Cambra,23,01-04-2020
Portimão,22,01-04-2020
Póvoa de Varzim,21,01-04-2020
Viseu,21,01-04-2020
Condeixa-a-Nova,20,01-04-2020
Funchal,20,01-04-2020
Marco de Canaveses,20,01-04-2020
Águeda,19,01-04-2020
Montijo,19,01-04-2020
Ílhavo,18,01-04-2020
Leiria,18,01-04-2020
Póvoa de Lanhoso,17,01-04-2020
Cantanhede,15,01-04-2020
Évora,15,01-04-2020
Arouca,14,01-04-2020
Montemor-o-Velho,13,01-04-2020
Amares,13,01-04-2020
Torres Vedras,13,01-04-2020
Arcos de Valdevez,11,01-04-2020
Chaves,11,01-04-2020
Mirandela,11,01-04-2020
Palmela,11,01-04-2020
Vizela,11,01-04-2020
Velas,5,01-04-2020
Esposende,10,01-04-2020
Oliveira do Bairro,10,01-04-2020
Sesimbra,10,01-04-2020
Amarante,9,01-04-2020
Ourém,9,01-04-2020
Vila Real de Santo António,9,01-04-2020
Almeirim,8,01-04-2020
Fafe,8,01-04-2020
Santa Cruz,4,01-04-2020
Soure,8,01-04-2020
Câmara de Lobos,7,01-04-2020
Coruche,7,01-04-2020
Macedo de Cavaleiros,7,01-04-2020
Murtosa,7,01-04-2020
Nelas,7,01-04-2020
Horta,6,01-04-2020
Lamego,6,01-04-2020
Lousã,6,01-04-2020
Oliveira de Frades,6,01-04-2020
Santiago do Cacém,6,01-04-2020
Silves,6,01-04-2020
Alcochete,5,01-04-2020
Alenquer,5,01-04-2020
Alvaiázere,5,01-04-2020
Anadia,5,01-04-2020
Calheta,5,01-04-2020
Mealhada,5,01-04-2020
Melgaço,5,01-04-2020
Miranda do Corvo,5,01-04-2020
Monção,5,01-04-2020
Olhão,5,01-04-2020
Penacova,5,01-04-2020
Peso da Régua,5,01-04-2020
Ponta do Sol,5,01-04-2020
Reguengos de Monsaraz,5,01-04-2020
Vagos,5,01-04-2020
Vila da Praia da Vitória,5,01-04-2020
Castro Daire,4,01-04-2020
Cinfães,4,01-04-2020
Madalena,4,01-04-2020
Porto Santo,4,01-04-2020
Rio Maior,4,01-04-2020
Vieira do Minho,4,01-04-2020
Vimioso,4,01-04-2020
Alcobaça,3,01-04-2020
Alpiarça,3,01-04-2020
Caminha,3,01-04-2020
Carrazeda de Ansiães,3,01-04-2020
Celorico de Basto,3,01-04-2020
Figueira da Foz,3,01-04-2020
Góis,3,01-04-2020
Grândola,3,01-04-2020
Guarda,3,01-04-2020
Lagoa,3,01-04-2020
Mortágua,3,01-04-2020
Peniche,3,01-04-2020
São Pedro do Sul,3,01-04-2020
São Roque do Pico,3,01-04-2020
Sines,3,01-04-2020
Tavira,3,01-04-2020
Tomar,3,01-04-2020
Trancoso,3,01-04-2020
Valença,3,01-04-2020
Valpaços,3,01-04-2020
Vila Nova de Poiares,3,01-04-2020
Vila Pouca de Aguiar,3,01-04-2020
Lisboa,594,02-04-2020
Porto,556,02-04-2020
Vila Nova de Gaia,418,02-04-2020
Gondomar,373,02-04-2020
Maia,361,02-04-2020
Matosinhos,347,02-04-2020
Braga,280,02-04-2020
Valongo,275,02-04-2020
Sintra,224,02-04-2020
Ovar,209,02-04-2020
Coimbra,178,02-04-2020
Santa Maria da Feira,174,02-04-2020
Cascais,149,02-04-2020
Aveiro,127,02-04-2020
Vila Real,124,02-04-2020
Loures,109,02-04-2020
Vila Nova de Famalicão,107,02-04-2020
Guimarães,99,02-04-2020
Oeiras,93,02-04-2020
Almada,86,02-04-2020
Seixal,85,02-04-2020
Odivelas,83,02-04-2020
Amadora,79,02-04-2020
Oliveira de Azeméis,71,02-04-2020
Barcelos,65,02-04-2020
Felgueiras,56,02-04-2020
Lousada,55,02-04-2020
Santo Tirso,54,02-04-2020
Bragança,52,02-04-2020
Barreiro,49,02-04-2020
Paços de Ferreira,48,02-04-2020
Paredes,46,02-04-2020
Trofa,42,02-04-2020
Vila do Conde,39,02-04-2020
Mafra,37,02-04-2020
Penafiel,37,02-04-2020
Resende,37,02-04-2020
Pombal,36,02-04-2020
Vila Verde,36,02-04-2020
Albergaria-a-Velha,34,02-04-2020
Albufeira,34,02-04-2020
Viana do Castelo,34,02-04-2020
Olhão,5,02-04-2020
Setúbal,33,02-04-2020
Baião,4,02-04-2020
Faro,32,02-04-2020
Cinfães,4,02-04-2020
Estarreja,31,02-04-2020
São João da Madeira,30,02-04-2020
Vila Franca de Xira,30,02-04-2020
Moita,29,02-04-2020
Santarém,29,02-04-2020
Espinho,27,02-04-2020
Loulé,25,02-04-2020
Condeixa-a-Nova,24,02-04-2020
Ílhavo,23,02-04-2020
Póvoa de Varzim,23,02-04-2020
Vale de Cambra,23,02-04-2020
Viseu,22,02-04-2020
Marco de Canaveses,21,02-04-2020
Montijo,21,02-04-2020
Portimão,21,02-04-2020
Águeda,20,02-04-2020
Funchal,20,02-04-2020
Leiria,19,02-04-2020
Cantanhede,18,02-04-2020
Amares,17,02-04-2020
Póvoa de Lanhoso,17,02-04-2020
Évora,15,02-04-2020
Torres Vedras,15,02-04-2020
Arouca,14,02-04-2020
Montemor-o-Velho,13,02-04-2020
Arcos de Valdevez,12,02-04-2020
Benavente,12,02-04-2020
Amarante,11,02-04-2020
Chaves,11,02-04-2020
Esposende,11,02-04-2020
Mirandela,11,02-04-2020
Palmela,11,02-04-2020
Vila Real de Santo António,11,02-04-2020
Vizela,11,02-04-2020
Oliveira do Bairro,10,02-04-2020
Cartaxo,9,02-04-2020
Marinha Grande,9,02-04-2020
Ourém,9,02-04-2020
Figueira da Foz,4,02-04-2020
Peso da Régua,9,02-04-2020
Madalena,4,02-04-2020
Sesimbra,9,02-04-2020
Peniche,4,02-04-2020
Almeirim,8,02-04-2020
Porto Santo,4,02-04-2020
Fafe,8,02-04-2020
Rio Maior,4,02-04-2020
Lamego,8,02-04-2020
Santa Cruz,4,02-04-2020
Macedo de Cavaleiros,8,02-04-2020
São Pedro do Sul,4,02-04-2020
Soure,8,02-04-2020
Sines,4,02-04-2020
Alenquer,7,02-04-2020
Tomar,4,02-04-2020
Coruche,7,02-04-2020
Lousã,7,02-04-2020
Murtosa,7,02-04-2020
Nelas,7,02-04-2020
Oliveira de Frades,7,02-04-2020
Silves,7,02-04-2020
Horta,6,02-04-2020
Miranda do Corvo,6,02-04-2020
Penacova,6,02-04-2020
Santiago do Cacém,6,02-04-2020
Vagos,6,02-04-2020
Vieira do Minho,6,02-04-2020
Alcochete,5,02-04-2020
Alvaiázere,5,02-04-2020
Anadia,5,02-04-2020
Calheta,5,02-04-2020
Castro Daire,5,02-04-2020
Mealhada,5,02-04-2020
Melgaço,5,02-04-2020
Monção,5,02-04-2020
Vila Praia da Vitória,5,02-04-2020
Velas,5,02-04-2020
Reguengos de Monsaraz,5,02-04-2020
Ponta do Sol,5,02-04-2020
Penacova,5,02-04-2020
Vimioso,4,02-04-2020
Alcobaça,3,02-04-2020
Alpiarça,3,02-04-2020
Caminha,3,02-04-2020
Carrazeda de Ansiães,3,02-04-2020
Celorico de Basto,3,02-04-2020
Góis,3,02-04-2020
Grândola,3,02-04-2020
Guarda,3,02-04-2020
Lagoa,3,02-04-2020
Mortágua,3,02-04-2020
Paredes de Coura,3,02-04-2020
Salvaterra de Magos,3,02-04-2020
São Roque do Pico,3,02-04-2020
Serpa,3,02-04-2020
Tavira,3,02-04-2020
Valença,3,02-04-2020
Valpaços,3,02-04-2020
Vila Nova de Poiares,3,02-04-2020
Vila Pouca de Aguiar,3,02-04-2020
Lisboa,634,03-04-2020
Porto,606,03-04-2020
Vila Nova de Gaia,449,03-04-2020
Gondomar,424,03-04-2020
Maia,390,03-04-2020
Matosinhos,368,03-04-2020
Valongo,308,03-04-2020
Braga,305,03-04-2020
Sintra,242,03-04-2020
Ovar,220,03-04-2020
Coimbra,201,03-04-2020
Santa Maria da Feira,187,03-04-2020
Cascais,174,03-04-2020
Aveiro,130,03-04-2020
Vila Real,124,03-04-2020
Loures,117,03-04-2020
Vila Nova de Famalicão,110,03-04-2020
Guimarães,105,03-04-2020
Oeiras,100,03-04-2020
Seixal,92,03-04-2020
Almada,91,03-04-2020
Odivelas,86,03-04-2020
Amadora,82,03-04-2020
Oliveira de Azeméis,75,03-04-2020
Barcelos,70,03-04-2020
Felgueiras,66,03-04-2020
Paços de Ferreira,64,03-04-2020
Lousada,60,03-04-2020
Santo Tirso,58,03-04-2020
Paredes,56,03-04-2020
Barreiro,53,03-04-2020
Bragança,53,03-04-2020
Albergaria-a-Velha,52,03-04-2020
Trofa,45,03-04-2020
Vila Verde,41,03-04-2020
Vila do Conde,40,03-04-2020
Penafiel,39,03-04-2020
Viana do Castelo,38,03-04-2020
Mafra,37,03-04-2020
Resende,37,03-04-2020
Ourém,10,03-04-2020
Pombal,36,03-04-2020
Faro,34,03-04-2020
Setúbal,34,03-04-2020
Fafe,9,03-04-2020
Vila Franca de Xira,34,03-04-2020
Marinha Grande,9,03-04-2020
Estarreja,33,03-04-2020
São João da Madeira,31,03-04-2020
Moita,29,03-04-2020
Santarém,29,03-04-2020
Porto Santo,4,03-04-2020
Condeixa-a-Nova,28,03-04-2020
Rio Maior,4,03-04-2020
Espinho,28,03-04-2020
Santa Cruz,4,03-04-2020
Póvoa de Varzim,27,03-04-2020
Loulé,26,03-04-2020
Ílhavo,25,03-04-2020
Vale de Cambra,25,03-04-2020
Marco de Canaveses,24,03-04-2020
Viseu,24,03-04-2020
Portimão,23,03-04-2020
Águeda,22,03-04-2020
Montijo,22,03-04-2020
Leiria,21,03-04-2020
Funchal,20,03-04-2020
Cantanhede,19,03-04-2020
Alvaiázere,17,03-04-2020
Gouveia,3,03-04-2020
Amares,17,03-04-2020
Silves,7,03-04-2020
Póvoa de Lanhoso,17,03-04-2020
Lagoa,3,03-04-2020
Torres Vedras,16,03-04-2020
Évora,15,03-04-2020
Arouca,14,03-04-2020
Montemor-o-Velho,14,03-04-2020
Benavente,13,03-04-2020
Amarante,12,03-04-2020
Serpa,3,03-04-2020
Arcos de Valdevez,12,03-04-2020
Sines,3,03-04-2020
Chaves,11,03-04-2020
Tavira,3,03-04-2020
Esposende,11,03-04-2020
Mirandela,11,03-04-2020
Palmela,11,03-04-2020
Vila Real de Santo António,11,03-04-2020
Vizela,11,03-04-2020
Oliveira do Bairro,10,03-04-2020
Vinhais,5,03-04-2020
Sesimbra,10,03-04-2020
Cartaxo,9,03-04-2020
Cinfães,4,03-04-2020
Góis,4,03-04-2020
Peso da Régua,9,03-04-2020
Alenquer,8,03-04-2020
Almeirim,8,03-04-2020
Lamego,8,03-04-2020
Macedo de Cavaleiros,8,03-04-2020
Nelas,8,03-04-2020
Soure,8,03-04-2020
Anadia,7,03-04-2020
Câmara de Lobos,7,03-04-2020
Coruche,7,03-04-2020
Figueira da Foz,7,03-04-2020
Lousã,7,03-04-2020
Mealhada,7,03-04-2020
Melgaço,7,03-04-2020
Murtosa,7,03-04-2020
Olhão,7,03-04-2020
Oliveira de Frades,7,03-04-2020
Penacova,7,03-04-2020
Grândola,3,03-04-2020
Vagos,7,03-04-2020
Vila da Praia da Vitória,7,03-04-2020
Horta,6,03-04-2020
Miranda do Corvo,6,03-04-2020
Santiago do Cacém,6,03-04-2020
Vieira do Minho,6,03-04-2020
Alcochete,5,03-04-2020
Baião,5,03-04-2020
Calheta,5,03-04-2020
Castro Daire,5,03-04-2020
Monção,5,03-04-2020
Peniche,5,03-04-2020
Ponta do Sol,5,03-04-2020
Velas,5,03-04-2020
Batalha,4,03-04-2020
Caminha,4,03-04-2020
Guarda,4,03-04-2020
Madalena,4,03-04-2020
São Pedro do Sul,4,03-04-2020
Tomar,4,03-04-2020
Vimioso,4,03-04-2020
Alcobaça,3,03-04-2020
Alpiarça,3,03-04-2020
Beja,3,03-04-2020
Carrazeda de Ansiães,3,03-04-2020
Carregal do Sal,3,03-04-2020
Castelo de Paiva,3,03-04-2020
Celorico de Basto,3,03-04-2020
Figueiró dos Vinhos,3,03-04-2020
Mortágua,3,03-04-2020
Paredes de Coura,3,03-04-2020
Salvaterra de Magos,3,03-04-2020
São Roque do Pico,3,03-04-2020
Torres Novas,3,03-04-2020
Valença,3,03-04-2020
Valpaços,3,03-04-2020
Vila Nova de Poiares,3,03-04-2020
Vila Pouca de Aguiar,3,03-04-2020
Lisboa,654,04-04-2020
Porto,643,04-04-2020
Vila Nova de Gaia,468,04-04-2020
Gondomar,447,04-04-2020
Maia,404,04-04-2020
Matosinhos,386,04-04-2020
Braga,333,04-04-2020
Valongo,320,04-04-2020
Sintra,254,04-04-2020
Ovar,222,04-04-2020
Coimbra,216,04-04-2020
Santa Maria da Feira,212,04-04-2020
Cascais,187,04-04-2020
Aveiro,140,04-04-2020
Vila Real,127,04-04-2020
Vila Nova de Famalicão,121,04-04-2020
Guimarães,120,04-04-2020
Oeiras,116,04-04-2020
Almada,111,04-04-2020
Seixal,96,04-04-2020
Odivelas,93,04-04-2020
Amadora,91,04-04-2020
Barcelos,83,04-04-2020
Oliveira de Azeméis,82,04-04-2020
Felgueiras,72,04-04-2020
Paços de Ferreira,69,04-04-2020
Paredes,66,04-04-2020
Lousada,64,04-04-2020
Santo Tirso,64,04-04-2020
Barreiro,54,04-04-2020
Albergaria-a-Velha,53,04-04-2020
Bragança,52,04-04-2020
Vila do Conde,47,04-04-2020
Ílhavo,45,04-04-2020
Trofa,43,04-04-2020
Penafiel,42,04-04-2020
Resende,42,04-04-2020
Vila Verde,41,04-04-2020
Albufeira,39,04-04-2020
Mafra,39,04-04-2020
Alcobaça,5,04-04-2020
Viana do Castelo,39,04-04-2020
Santarém,38,04-04-2020
Faro,36,04-04-2020
Cartaxo,10,04-04-2020
Setúbal,36,04-04-2020
Pombal,35,04-04-2020
Vila Franca de Xira,35,04-04-2020
Estarreja,34,04-04-2020
São João da Madeira,32,04-04-2020
Cabeceiras de Basto,4,04-04-2020
Vale de Cambra,31,04-04-2020
Calheta,4,04-04-2020
Moita,30,04-04-2020
Celorico de Basto,4,04-04-2020
Póvoa de Varzim,30,04-04-2020
Condeixa-a-Nova,29,04-04-2020
Viseu,29,04-04-2020
Espinho,28,04-04-2020
Loulé,26,04-04-2020
Marco de Canaveses,26,04-04-2020
Águeda,24,04-04-2020
Alvaiázere,22,04-04-2020
Benavente,22,04-04-2020
Cantanhede,22,04-04-2020
Leiria,22,04-04-2020
Montijo,22,04-04-2020
Portimão,22,04-04-2020
Alpiarça,3,04-04-2020
Póvoa de Lanhoso,21,04-04-2020
Ansião,3,04-04-2020
Funchal,20,04-04-2020
Beja,3,04-04-2020
Arcos de Valdevez,19,04-04-2020
Torres Vedras,19,04-04-2020
Amares,17,04-04-2020
Amarante,15,04-04-2020
Arouca,15,04-04-2020
Évora,15,04-04-2020
Grândola,3,04-04-2020
Vila Real de Santo António,15,04-04-2020
Paredes de Coura,3,04-04-2020
Esposende,14,04-04-2020
São Roque do Pico,3,04-04-2020
Montemor-o-Velho,14,04-04-2020
Ourém,14,04-04-2020
Chaves,13,04-04-2020
Mirandela,12,04-04-2020
São Pedro do Sul,6,04-04-2020
Sesimbra,12,04-04-2020
Tavira,6,04-04-2020
Oliveira do Bairro,11,04-04-2020
Palmela,11,04-04-2020
Anadia,10,04-04-2020
Ponte de Lima,5,04-04-2020
Fafe,10,04-04-2020
Silves,10,04-04-2020
Alenquer,9,04-04-2020
Coruche,9,04-04-2020
Figueira da Foz,9,04-04-2020
Marinha Grande,9,04-04-2020
Nelas,9,04-04-2020
Peso da Régua,9,04-04-2020
Rio Maior,9,04-04-2020
Almeirim,8,04-04-2020
Lamego,8,04-04-2020
Macedo de Cavaleiros,8,04-04-2020
Soure,8,04-04-2020
Vieira do Minho,8,04-04-2020
Alcochete,7,04-04-2020
Câmara de Lobos,7,04-04-2020
Lousã,7,04-04-2020
Mealhada,7,04-04-2020
Melgaço,7,04-04-2020
Olhão,7,04-04-2020
Oliveira de Frades,7,04-04-2020
Penacova,7,04-04-2020
Reguengos de Monsaraz,7,04-04-2020
Vagos,7,04-04-2020
Vila da Praia da Vitória,7,04-04-2020
Caminha,6,04-04-2020
Castro Daire,6,04-04-2020
Horta,6,04-04-2020
Miranda do Corvo,6,04-04-2020
Monção,6,04-04-2020
Murtosa,6,04-04-2020
Ponta do Sol,6,04-04-2020
Valpaços,3,04-04-2020
Santiago do Cacém,6,04-04-2020
Vila Nova de Poiares,3,04-04-2020
Vila Pouca de Aguiar,3,04-04-2020
Baião,5,04-04-2020
Peniche,5,04-04-2020
Velas,5,04-04-2020
Vinhais,5,04-04-2020
Batalha,4,04-04-2020
Góis,4,04-04-2020
Guarda,4,04-04-2020
Madalena,4,04-04-2020
Porto Santo,4,04-04-2020
Salvaterra de Magos,4,04-04-2020
Sever do Vouga,4,04-04-2020
Sines,4,04-04-2020
Tomar,4,04-04-2020
Torres Novas,4,04-04-2020
Vimioso,4,04-04-2020
Bombarral,3,04-04-2020
Carrazeda de Ansiães,3,04-04-2020
Cinfães,3,04-04-2020
Serpa,3,04-04-2020
Valença,3,04-04-2020
Lisboa,681,05-04-2020
Porto,660,05-04-2020
Vila Nova de Gaia,499,05-04-2020
Gondomar,478,05-04-2020
Maia,422,05-04-2020
Matosinhos,395,05-04-2020
Braga,349,05-04-2020
Valongo,344,05-04-2020
Sintra,269,05-04-2020
Ovar,238,05-04-2020
Coimbra,216,05-04-2020
Santa Maria da Feira,216,05-04-2020
Cascais,190,05-04-2020
Vila Nova de Famalicão,143,05-04-2020
Aveiro,141,05-04-2020
Loures,131,05-04-2020
Vila Real,129,05-04-2020
Guimarães,127,05-04-2020
Almada,121,05-04-2020
Oeiras,120,05-04-2020
Seixal,101,05-04-2020
Amadora,99,05-04-2020
Odivelas,95,05-04-2020
Felgueiras,91,05-04-2020
Paredes,91,05-04-2020
Oliveira de Azeméis,84,05-04-2020
Paços de Ferreira,84,05-04-2020
Lousada,81,05-04-2020
Santo Tirso,73,05-04-2020
Bragança,64,05-04-2020
Albergaria-a-Velha,54,05-04-2020
Barreiro,54,05-04-2020
Ílhavo,54,05-04-2020
Penafiel,49,05-04-2020
Viana do Castelo,49,05-04-2020
Trofa,48,05-04-2020
Vila do Conde,47,05-04-2020
Resende,45,05-04-2020
Vila Verde,43,05-04-2020
Mafra,42,05-04-2020
Fafe,12,05-04-2020
Albufeira,40,05-04-2020
Torre de Moncorvo,12,05-04-2020
Santarém,38,05-04-2020
Faro,37,05-04-2020
Setúbal,37,05-04-2020
Estarreja,36,05-04-2020
Vila Franca de Xira,36,05-04-2020
Pombal,35,05-04-2020
Silves,10,05-04-2020
Loulé,33,05-04-2020
Tomar,5,05-04-2020
Vale de Cambra,33,05-04-2020
Velas,5,05-04-2020
Viseu,33,05-04-2020
Batalha,4,05-04-2020
São João da Madeira,32,05-04-2020
Espinho,31,05-04-2020
Moita,31,05-04-2020
Póvoa de Varzim,30,05-04-2020
Condeixa-a-Nova,29,05-04-2020
Marco de Canaveses,27,05-04-2020
Madalena,4,05-04-2020
Águeda,24,05-04-2020
Salvaterra de Magos,4,05-04-2020
Benavente,23,05-04-2020
Santa Cruz,4,05-04-2020
Montijo,23,05-04-2020
Portimão,23,05-04-2020
Alvaiázere,22,05-04-2020
Cantanhede,22,05-04-2020
Leiria,22,05-04-2020
Amarante,21,05-04-2020
Arcos de Valdevez,21,05-04-2020
Ansião,3,05-04-2020
Póvoa de Lanhoso,21,05-04-2020
Beja,3,05-04-2020
Torres Vedras,21,05-04-2020
Funchal,20,05-04-2020
Amares,18,05-04-2020
Chaves,16,05-04-2020
Arouca,15,05-04-2020
Évora,15,05-04-2020
Ourém,15,05-04-2020
Vila Real de Santo António,15,05-04-2020
Horta,6,05-04-2020
Vizela,15,05-04-2020
Miranda do Corvo,6,05-04-2020
Esposende,14,05-04-2020
Monção,6,05-04-2020
Mirandela,14,05-04-2020
Murtosa,6,05-04-2020
Montemor-o-Velho,14,05-04-2020
Ponta do Sol,6,05-04-2020
Sesimbra,13,05-04-2020
Vila Flor,3,05-04-2020
Cartaxo,12,05-04-2020
Santiago do Cacém,6,05-04-2020
São Pedro do Sul,6,05-04-2020
Anadia,11,05-04-2020
Oliveira do Bairro,11,05-04-2020
Palmela,11,05-04-2020
Tavira,11,05-04-2020
Macedo de Cavaleiros,10,05-04-2020
Marinha Grande,10,05-04-2020
Alenquer,9,05-04-2020
Coruche,9,05-04-2020
Figueira da Foz,9,05-04-2020
Lamego,9,05-04-2020
Nelas,9,05-04-2020
Peso da Régua,9,05-04-2020
Rio Maior,9,05-04-2020
Vieira do Minho,9,05-04-2020
Vinhais,9,05-04-2020
Almeirim,8,05-04-2020
Castro Daire,8,05-04-2020
Mealhada,8,05-04-2020
Reguengos de Monsaraz,8,05-04-2020
Soure,8,05-04-2020
Vagos,8,05-04-2020
Alcochete,7,05-04-2020
Baião,7,05-04-2020
Câmara de Lobos,7,05-04-2020
Caminha,7,05-04-2020
Lousã,7,05-04-2020
Melgaço,7,05-04-2020
Olhão,7,05-04-2020
Oliveira de Frades,7,05-04-2020
Penacova,7,05-04-2020
Vila da Praia da Vitória,7,05-04-2020
Celorico de Basto,6,05-04-2020
Paredes de Coura,3,05-04-2020
São Roque do Pico,3,05-04-2020
Terras de Bouro,3,05-04-2020
Valpaços,3,05-04-2020
Vila Nova de Poiares,3,05-04-2020
Vila Pouca de Aguiar,3,05-04-2020
Vimioso,6,05-04-2020
Alcobaça,5,05-04-2020
Cabeceiras de Basto,5,05-04-2020
Peniche,5,05-04-2020
Porto Santo,5,05-04-2020
Sever do Vouga,5,05-04-2020
Calheta (Açores),4,05-04-2020
Castelo de Paiva,4,05-04-2020
Góis,4,05-04-2020
Guarda,4,05-04-2020
Serpa,4,05-04-2020
Sines,4,05-04-2020
Torres Novas,4,05-04-2020
Valença,4,05-04-2020
Alpiarça,3,05-04-2020
Bombarral,3,05-04-2020
Carrazeda de Ansiães,3,05-04-2020
Cinfães,3,05-04-2020
Grândola,3,05-04-2020
Lagoa (Faro),3,05-04-2020
Lagos,3,05-04-2020
Moimenta da Beira,3,05-04-2020
Lisboa,699,06-04-2020
Porto,689,06-04-2020
Vila Nova de Gaia,518,06-04-2020
Gondomar,489,06-04-2020
Maia,444,06-04-2020
Matosinhos,400,06-04-2020
Valongo,364,06-04-2020
Braga,358,06-04-2020
Sintra,278,06-04-2020
Ovar,224,06-04-2020
Santa Maria da Feira,224,06-04-2020
Coimbra,222,06-04-2020
Cascais,197,06-04-2020
Vila Nova de Famalicão,145,06-04-2020
Aveiro,142,06-04-2020
Guimarães,131,06-04-2020
Loures,130,06-04-2020
Vila Real,129,06-04-2020
Almada,125,06-04-2020
Oeiras,125,06-04-2020
Amadora,107,06-04-2020
Seixal,102,06-04-2020
Paredes,96,06-04-2020
Odivelas,95,06-04-2020
Felgueiras,94,06-04-2020
Barcelos,93,06-04-2020
Paços de Ferreira,92,06-04-2020
Lousada,87,06-04-2020
Oliveira de Azeméis,86,06-04-2020
Santo Tirso,82,06-04-2020
Viana do Castelo,68,06-04-2020
Trofa,56,06-04-2020
Albergaria-a-Velha,54,06-04-2020
Barreiro,54,06-04-2020
Ílhavo,54,06-04-2020
Penafiel,53,06-04-2020
Vila do Conde,47,06-04-2020
Resende,45,06-04-2020
Albufeira,44,06-04-2020
Vila Verde,44,06-04-2020
Mafra,42,06-04-2020
Torre de Moncorvo,12,06-04-2020
Faro,39,06-04-2020
Anadia,11,06-04-2020
Loulé,39,06-04-2020
Santarém,38,06-04-2020
Espinho,37,06-04-2020
Setúbal,37,06-04-2020
Estarreja,36,06-04-2020
Vale de Cambra,36,06-04-2020
Sever do Vouga,5,06-04-2020
Vila Franca de Xira,36,06-04-2020
Figueira da Foz,9,06-04-2020
Pombal,35,06-04-2020
Velas,5,06-04-2020
São João da Madeira,35,06-04-2020
Viseu,33,06-04-2020
Moita,32,06-04-2020
Póvoa de Varzim,30,06-04-2020
Condeixa-a-Nova,29,06-04-2020
Góis,4,06-04-2020
Marco de Canaveses,28,06-04-2020
Madalena,4,06-04-2020
Águeda,25,06-04-2020
Salvaterra de Magos,4,06-04-2020
Montijo,24,06-04-2020
Portimão,24,06-04-2020
Tavira,24,06-04-2020
Benavente,23,06-04-2020
Alvaiázere,22,06-04-2020
Valença,4,06-04-2020
Cantanhede,22,06-04-2020
Ansião,3,06-04-2020
Leiria,22,06-04-2020
Beja,3,06-04-2020
Torres Vedras,22,06-04-2020
Amarante,21,06-04-2020
Arcos de Valdevez,21,06-04-2020
Funchal,21,06-04-2020
Póvoa de Lanhoso,21,06-04-2020
Amares,18,06-04-2020
Figueiró dos Vinhos,3,06-04-2020
Arouca,16,06-04-2020
Grândola,3,06-04-2020
Chaves,16,06-04-2020
Évora,15,06-04-2020
Ourém,15,06-04-2020
Vila Real de Santo António,15,06-04-2020
Alcobaça,6,06-04-2020
Vizela,15,06-04-2020
Celorico de Basto,6,06-04-2020
Cartaxo,14,06-04-2020
Horta,6,06-04-2020
Esposende,14,06-04-2020
Miranda do Corvo,6,06-04-2020
Mirandela,14,06-04-2020
Monção,6,06-04-2020
Montemor-o-Velho,14,06-04-2020
Murtosa,6,06-04-2020
Fafe,12,06-04-2020
Peniche,6,06-04-2020
Sesimbra,12,06-04-2020
Ponta do Sol,6,06-04-2020
São Pedro do Sul,6,06-04-2020
Oliveira do Bairro,11,06-04-2020
Palmela,11,06-04-2020
Silves,11,06-04-2020
Coruche,10,06-04-2020
Macedo de Cavaleiros,10,06-04-2020
Marinha Grande,10,06-04-2020
Tomar,5,06-04-2020
Lamego,9,06-04-2020
Nelas,9,06-04-2020
Olhão,9,06-04-2020
Peso da Régua,9,06-04-2020
Vieira do Minho,9,06-04-2020
Vinhais,9,06-04-2020
Alcochete,8,06-04-2020
Almeirim,8,06-04-2020
Castro Daire,8,06-04-2020
Mealhada,8,06-04-2020
Melgaço,8,06-04-2020
Reguengos de Monsaraz,8,06-04-2020
Rio Maior,8,06-04-2020
Soure,8,06-04-2020
Vagos,8,06-04-2020
Baião,7,06-04-2020
Câmara de Lobos,7,06-04-2020
Caminha,7,06-04-2020
Lousã,7,06-04-2020
Oliveira de Frades,7,06-04-2020
Penacova,7,06-04-2020
Ponte de Lima,7,06-04-2020
Santiago do Cacém,7,06-04-2020
Lagos,3,06-04-2020
Vila da Praia da Vitória,7,06-04-2020
Vimioso,7,06-04-2020
Oliveira do Hospital,3,06-04-2020
São Roque do Pico,3,06-04-2020
Sines,3,06-04-2020
Terras de Bouro,3,06-04-2020
Valpaços,3,06-04-2020
Vila Flor,3,06-04-2020
Vila Nova de Poiares,3,06-04-2020
Vila Pouca de Aguiar,3,06-04-2020
Cabeceiras de Basto,5,06-04-2020
Castelo de Paiva,5,06-04-2020
Guarda,5,06-04-2020
Paredes de Coura,5,06-04-2020
Porto Santo,5,06-04-2020
Batalha,4,06-04-2020
Calheta (Açores),4,06-04-2020
Santa Cruz,4,06-04-2020
Serpa,4,06-04-2020
Torres Novas,4,06-04-2020
Bombarral,3,06-04-2020
Cadaval,3,06-04-2020
Carrazeda de Ansiães,3,06-04-2020
Cinfães,3,06-04-2020
Lagoa (Faro),3,06-04-2020
Moimenta da Beira,3,06-04-2020
Lisboa,754,07-04-2020
Porto,730,07-04-2020
Vila Nova de Gaia,551,07-04-2020
Gondomar,528,07-04-2020
Maia,465,07-04-2020
Matosinhos,416,07-04-2020
Braga,407,07-04-2020
Valongo,387,07-04-2020
Sintra,299,07-04-2020
Ovar,247,07-04-2020
Coimbra,233,07-04-2020
Santa Maria da Feira,231,07-04-2020
Cascais,203,07-04-2020
Aveiro,151,07-04-2020
Vila Nova de Famalicão,150,07-04-2020
Guimarães,147,07-04-2020
Oeiras,142,07-04-2020
Loures,134,07-04-2020
Vila Real,132,07-04-2020
Almada,130,07-04-2020
Paços de Ferreira,112,07-04-2020
Paredes,110,07-04-2020
Seixal,109,07-04-2020
Amadora,108,07-04-2020
Felgueiras,108,07-04-2020
Barcelos,103,07-04-2020
Odivelas,99,07-04-2020
Santo Tirso,93,07-04-2020
Lousada,92,07-04-2020
Oliveira de Azeméis,92,07-04-2020
Ílhavo,86,07-04-2020
Viana do Castelo,75,07-04-2020
Bragança,71,07-04-2020
Trofa,57,07-04-2020
Barreiro,56,07-04-2020
Penafiel,56,07-04-2020
Albergaria-a-Velha,54,07-04-2020
Resende,52,07-04-2020
Vila do Conde,49,07-04-2020
Vila Verde,48,07-04-2020
Albufeira,46,07-04-2020
Mafra,45,07-04-2020
Horta,6,07-04-2020
Santarém,42,07-04-2020
Murtosa,6,07-04-2020
Vila Franca de Xira,42,07-04-2020
Loulé,41,07-04-2020
Setúbal,40,07-04-2020
Marinha Grande,11,07-04-2020
Faro,39,07-04-2020
Palmela,11,07-04-2020
Vale de Cambra,39,07-04-2020
Silves,11,07-04-2020
Espinho,37,07-04-2020
Cabeceiras de Basto,5,07-04-2020
Estarreja,37,07-04-2020
Coruche,10,07-04-2020
Condeixa-a-Nova,36,07-04-2020
Lamego,10,07-04-2020
Viseu,36,07-04-2020
Mealhada,10,07-04-2020
Moita,35,07-04-2020
Figueira da Foz,9,07-04-2020
São João da Madeira,35,07-04-2020
Melgaço,9,07-04-2020
Pombal,34,07-04-2020
Nelas,9,07-04-2020
Póvoa de Varzim,33,07-04-2020
Olhão,9,07-04-2020
Marco de Canaveses,30,07-04-2020
Ansião,4,07-04-2020
Amarante,27,07-04-2020
Batalha,4,07-04-2020
Águeda,26,07-04-2020
Vieira do Minho,9,07-04-2020
Arcos de Valdevez,26,07-04-2020
Vinhais,9,07-04-2020
Montijo,26,07-04-2020
Almeirim,8,07-04-2020
Torres Vedras,26,07-04-2020
Leiria,25,07-04-2020
Portimão,25,07-04-2020
Benavente,24,07-04-2020
Tavira,24,07-04-2020
Póvoa de Lanhoso,23,07-04-2020
Santa Cruz,4,07-04-2020
Alvaiázere,22,07-04-2020
Sines,4,07-04-2020
Cantanhede,22,07-04-2020
Funchal,21,07-04-2020
Amares,19,07-04-2020
Ourém,19,07-04-2020
Torre de Moncorvo,18,07-04-2020
Arouca,17,07-04-2020
Vizela,17,07-04-2020
Chaves,16,07-04-2020
Esposende,16,07-04-2020
Cartaxo,15,07-04-2020
Évora,15,07-04-2020
Vila Real de Santo António,15,07-04-2020
Mirandela,14,07-04-2020
Montemor-o-Velho,14,07-04-2020
Fafe,13,07-04-2020
Macedo de Cavaleiros,13,07-04-2020
Oliveira do Bairro,13,07-04-2020
Vila Pouca de Aguiar,3,07-04-2020
Sesimbra,13,07-04-2020
Anadia,12,07-04-2020
Ponte de Lima,12,07-04-2020
São Pedro do Sul,6,07-04-2020
Serpa,6,07-04-2020
Tomar,6,07-04-2020
Alenquer,10,07-04-2020
Castelo de Paiva,5,07-04-2020
Porto Santo,5,07-04-2020
Salvaterra de Magos,5,07-04-2020
Sever do Vouga,5,07-04-2020
Velas,5,07-04-2020
Vila Flor,5,07-04-2020
Peso da Régua,9,07-04-2020
Bombarral,4,07-04-2020
Calheta (Açores),4,07-04-2020
Carrazeda de Ansiães,4,07-04-2020
Caminha,8,07-04-2020
Castro Daire,8,07-04-2020
Góis,4,07-04-2020
Penacova,8,07-04-2020
Lourinhã,4,07-04-2020
Reguengos de Monsaraz,8,07-04-2020
Madalena,4,07-04-2020
Rio Maior,8,07-04-2020
Soure,8,07-04-2020
Alcobaça,7,07-04-2020
Alcochete,7,07-04-2020
Baião,7,07-04-2020
Câmara de Lobos,7,07-04-2020
Valpaços,4,07-04-2020
Celorico de Basto,7,07-04-2020
Beja,3,07-04-2020
Lousã,7,07-04-2020
Cadaval,3,07-04-2020
Miranda do Corvo,7,07-04-2020
Carregal do Sal,3,07-04-2020
Monção,7,07-04-2020
Oliveira de Frades,7,07-04-2020
Peniche,7,07-04-2020
Santiago do Cacém,7,07-04-2020
Torres Novas,7,07-04-2020
Vila da Praia da Vitória,7,07-04-2020
Lagos,3,07-04-2020
Vila Nova de Foz Côa,7,07-04-2020
Moimenta da Beira,3,07-04-2020
Vimioso,7,07-04-2020
São Roque do Pico,3,07-04-2020
Alpiarça,6,07-04-2020
Vila Nova de Poiares,3,07-04-2020
Paredes de Coura,6,07-04-2020
Ponta do Sol,6,07-04-2020
Cinfães,4,07-04-2020
Terras de Bouro,4,07-04-2020
Valença,4,07-04-2020
Figueiró dos Vinhos,3,07-04-2020
Grândola,3,07-04-2020
Guarda,3,07-04-2020
Lagoa (Faro),3,07-04-2020
Lisboa,773,08-04-2020
Porto,750,08-04-2020
Vila Nova de Gaia,576,08-04-2020
Gondomar,556,08-04-2020
Maia,485,08-04-2020
Matosinhos,425,08-04-2020
Braga,423,08-04-2020
Valongo,397,08-04-2020
Sintra,310,08-04-2020
Ovar,273,08-04-2020
Coimbra,237,08-04-2020
Santa Maria da Feira,233,08-04-2020
Cascais,218,08-04-2020
Vila Nova de Famalicão,154,08-04-2020
Aveiro,152,08-04-2020
Guimarães,149,08-04-2020
Oeiras,146,08-04-2020
Loures,138,08-04-2020
Almada,134,08-04-2020
Vila Real,132,08-04-2020
Amadora,113,08-04-2020
Paços de Ferreira,113,08-04-2020
Paredes,113,08-04-2020
Seixal,113,08-04-2020
Felgueiras,111,08-04-2020
Barcelos,107,08-04-2020
Odivelas,100,08-04-2020
Oliveira de Azeméis,94,08-04-2020
Santo Tirso,94,08-04-2020
Lousada,93,08-04-2020
Ílhavo,86,08-04-2020
Viana do Castelo,79,08-04-2020
Bragança,71,08-04-2020
Trofa,59,08-04-2020
Barreiro,57,08-04-2020
Penafiel,56,08-04-2020
Albergaria-a-Velha,54,08-04-2020
Resende,52,08-04-2020
Vila do Conde,50,08-04-2020
Vila Verde,49,08-04-2020
Mafra,46,08-04-2020
Albufeira,45,08-04-2020
Vila Franca de Xira,44,08-04-2020
Setúbal,43,08-04-2020
Santarém,42,08-04-2020
Loulé,41,08-04-2020
Vale de Cambra,40,08-04-2020
Estarreja,39,08-04-2020
Faro,39,08-04-2020
Moita,38,08-04-2020
Espinho,37,08-04-2020
Lourinhã,5,08-04-2020
Viseu,37,08-04-2020
Figueira da Foz,10,08-04-2020
Condeixa-a-Nova,36,08-04-2020
Lamego,10,08-04-2020
São João da Madeira,36,08-04-2020
Mealhada,10,08-04-2020
Pombal,34,08-04-2020
Nelas,10,08-04-2020
Póvoa de Varzim,34,08-04-2020
Silves,10,08-04-2020
Marco de Canaveses,30,08-04-2020
Monção,9,08-04-2020
Torres Vedras,28,08-04-2020
Olhão,9,08-04-2020
Amarante,27,08-04-2020
Peso da Régua,9,08-04-2020
Águeda,26,08-04-2020
Batalha,4,08-04-2020
Arcos de Valdevez,26,08-04-2020
Vinhais,9,08-04-2020
Montijo,26,08-04-2020
Almeirim,8,08-04-2020
Benavente,25,08-04-2020
Caminha,8,08-04-2020
Leiria,25,08-04-2020
Oliveira de Frades,8,08-04-2020
Portimão,25,08-04-2020
Penacova,8,08-04-2020
Cantanhede,24,08-04-2020
Reguengos de Monsaraz,8,08-04-2020
Tavira,24,08-04-2020
Rio Maior,8,08-04-2020
Póvoa de Lanhoso,23,08-04-2020
Santiago do Cacém,8,08-04-2020
Alvaiázere,22,08-04-2020
Soure,8,08-04-2020
Funchal,21,08-04-2020
Alcobaça,7,08-04-2020
Amares,19,08-04-2020
Alcochete,7,08-04-2020
Ourém,19,08-04-2020
Baião,7,08-04-2020
Castro Daire,18,08-04-2020
Torre de Moncorvo,18,08-04-2020
Arouca,17,08-04-2020
Évora,17,08-04-2020
Miranda do Corvo,7,08-04-2020
Vizela,17,08-04-2020
Cartaxo,16,08-04-2020
Chaves,16,08-04-2020
Esposende,16,08-04-2020
Mirandela,15,08-04-2020
Vila Real de Santo António,15,08-04-2020
Montemor-o-Velho,14,08-04-2020
Anadia,13,08-04-2020
Fafe,13,08-04-2020
Vila Nova de Poiares,3,08-04-2020
Macedo de Cavaleiros,13,08-04-2020
Oliveira do Bairro,13,08-04-2020
Sesimbra,13,08-04-2020
Melgaço,12,08-04-2020
Ponte de Lima,12,08-04-2020
Coruche,11,08-04-2020
Marinha Grande,11,08-04-2020
Palmela,11,08-04-2020
Vieira do Minho,11,08-04-2020
Alenquer,10,08-04-2020
Porto Santo,5,08-04-2020
Salvaterra de Magos,5,08-04-2020
Sever do Vouga,5,08-04-2020
Valença,5,08-04-2020
Velas,5,08-04-2020
Vila Flor,5,08-04-2020
Vagos,9,08-04-2020
Bombarral,4,08-04-2020
Calheta (Açores),4,08-04-2020
Carregal do Sal,4,08-04-2020
Cinfães,4,08-04-2020
Madalena,4,08-04-2020
Santa Cruz,4,08-04-2020
Sines,4,08-04-2020
Terras de Bouro,4,08-04-2020
Trancoso,4,08-04-2020
Câmara de Lobos,7,08-04-2020
Celorico de Basto,7,08-04-2020
Lousã,7,08-04-2020
Cadaval,3,08-04-2020
Covilhã,3,08-04-2020
Peniche,7,08-04-2020
Figueiró dos Vinhos,3,08-04-2020
Tomar,7,08-04-2020
Torres Novas,7,08-04-2020
Vila da Praia da Vitória,7,08-04-2020
Vila Nova de Foz Côa,7,08-04-2020
Vimioso,7,08-04-2020
Alpiarça,6,08-04-2020
Horta,6,08-04-2020
Murtosa,6,08-04-2020
Paredes de Coura,6,08-04-2020
Ponta do Sol,6,08-04-2020
São Pedro do Sul,6,08-04-2020
Serpa,6,08-04-2020
Beja,5,08-04-2020
Cabeceiras de Basto,5,08-04-2020
Castelo de Paiva,5,08-04-2020
Góis,5,08-04-2020
Ansião,4,08-04-2020
Carrazeda de Ansiães,4,08-04-2020
Valpaços,4,08-04-2020
Abrantes,3,08-04-2020
Alcanena,3,08-04-2020
Grândola,3,08-04-2020
Guarda,3,08-04-2020
Lagoa,3,08-04-2020
Lagos,3,08-04-2020
Moimenta da Beira,3,08-04-2020
São Roque do Pico,3,08-04-2020
Vila Pouca de Aguiar,3,08-04-2020
Abrantes,3,09-04-2020
Águeda,30,09-04-2020
Albergaria-a-Velha,52,09-04-2020
Albufeira,50,09-04-2020
Alcanena,3,09-04-2020
Alcobaça,7,09-04-2020
Alcochete,7,09-04-2020
Alenquer,11,09-04-2020
Almada,138,09-04-2020
Almeida,5,09-04-2020
Almeirim,9,09-04-2020
Alpiarça,6,09-04-2020
Alvaiázere,22,09-04-2020
Amadora,129,09-04-2020
Amarante,30,09-04-2020
Amares,21,09-04-2020
Anadia,12,09-04-2020
Ansião,4,09-04-2020
Arcos de Valdevez,32,09-04-2020
Arganil,3,09-04-2020
Arouca,23,09-04-2020
Aveiro,153,09-04-2020
Baião,7,09-04-2020
Barcelos,122,09-04-2020
Barreiro,56,09-04-2020
Batalha,4,09-04-2020
Beja,5,09-04-2020
Benavente,25,09-04-2020
Bombarral,3,09-04-2020
Braga,521,09-04-2020
Bragança,76,09-04-2020
Cabeceiras de Basto,4,09-04-2020
Cadaval,3,09-04-2020
Caldas da Rainha,4,09-04-2020
Calheta (Açores),4,09-04-2020
Câmara de Lobos,7,09-04-2020
Caminha,8,09-04-2020
Cantanhede,26,09-04-2020
Carrazeda de Ansiães,5,09-04-2020
Tábua,3,09-04-2020
Carregal do Sal,6,09-04-2020
Cartaxo,18,09-04-2020
Cascais,226,09-04-2020
Castelo de Paiva,5,09-04-2020
Castro Daire,59,09-04-2020
Celorico da Beira,6,09-04-2020
Celorico de Basto,8,09-04-2020
Porto,776,09-04-2020
Chaves,15,09-04-2020
Porto de Mós,3,09-04-2020
Cinfães,5,09-04-2020
Porto Santo,5,09-04-2020
Coimbra,258,09-04-2020
Condeixa-a-Nova,38,09-04-2020
Coruche,16,09-04-2020
Covilhã,5,09-04-2020
Vale de Cambra,44,09-04-2020
Espinho,39,09-04-2020
Valença,6,09-04-2020
Esposende,21,09-04-2020
Rio Maior,8,09-04-2020
Estarreja,39,09-04-2020
Sabrosa,3,09-04-2020
Évora,21,09-04-2020
Moita,40,09-04-2020
Fafe,16,09-04-2020
Monção,11,09-04-2020
Faro,42,09-04-2020
Montemor-o-Velho,14,09-04-2020
Felgueiras,118,09-04-2020
Vieira do Minho,13,09-04-2020
Figueira da Foz,12,09-04-2020
Murtosa,6,09-04-2020
Figueira de Castelo Rodrigo,3,09-04-2020
Nelas,12,09-04-2020
Figueiró dos Vinhos,4,09-04-2020
Odivelas,112,09-04-2020
Funchal,21,09-04-2020
Góis,5,09-04-2020
Gondomar,587,09-04-2020
Gouveia,11,09-04-2020
Grândola,3,09-04-2020
Guarda,14,09-04-2020
Guimarães,161,09-04-2020
Horta,6,09-04-2020
Ílhavo,83,09-04-2020
Lagoa (Faro),3,09-04-2020
Lagos,3,09-04-2020
Lamego,10,09-04-2020
Leiria,29,09-04-2020
Lisboa,797,09-04-2020
Loulé,41,09-04-2020
Loures,158,09-04-2020
Vizela,19,09-04-2020
Lourinhã,5,09-04-2020
Lousã,7,09-04-2020
Lousada,98,09-04-2020
Macedo de Cavaleiros,16,09-04-2020
Madalena,5,09-04-2020
Mafra,49,09-04-2020
Maia,512,09-04-2020
Torres Novas,7,09-04-2020
Mangualde,11,09-04-2020
Torres Vedras,28,09-04-2020
Marco de Canaveses,39,09-04-2020
Marinha Grande,11,09-04-2020
Matosinhos,444,09-04-2020
Mealhada,10,09-04-2020
Melgaço,14,09-04-2020
Miranda do Corvo,8,09-04-2020
Miranda do Douro,3,09-04-2020
Mirandela,13,09-04-2020
Moimenta da Beira,5,09-04-2020
Salvaterra de Magos,5,09-04-2020
Velas,6,09-04-2020
Santa Cruz,4,09-04-2020
Santa Maria da Feira,246,09-04-2020
Montijo,27,09-04-2020
Santarém,46,09-04-2020
Vila da Praia da Vitória,8,09-04-2020
Santiago do Cacém,8,09-04-2020
Santo Tirso,107,09-04-2020
São João da Madeira,36,09-04-2020
Oeiras,152,09-04-2020
Olhão,9,09-04-2020
Vila Nova de Cerveira,3,09-04-2020
Oliveira de Azeméis,99,09-04-2020
Vila Nova de Famalicão,168,09-04-2020
Oliveira de Frades,8,09-04-2020
Oliveira do Bairro,14,09-04-2020
Oliveira do Hospital,3,09-04-2020
Ourém,21,09-04-2020
Serpa,6,09-04-2020
Ovar,275,09-04-2020
Paços de Ferreira,130,09-04-2020
Palmela,14,09-04-2020
Paredes,126,09-04-2020
Paredes de Coura,6,09-04-2020
Penacova,8,09-04-2020
Penafiel,72,09-04-2020
Peniche,7,09-04-2020
Peso da Régua,10,09-04-2020
Pinhel,8,09-04-2020
Pombal,31,09-04-2020
Ponta do Sol,6,09-04-2020
Ponte da Barca,3,09-04-2020
Ponte de Lima,16,09-04-2020
Portimão,29,09-04-2020
Trancoso,10,09-04-2020
Póvoa de Lanhoso,25,09-04-2020
Póvoa de Varzim,33,09-04-2020
Reguengos de Monsaraz,8,09-04-2020
Resende,53,09-04-2020
Valongo,429,09-04-2020
Valpaços,5,09-04-2020
São Pedro do Sul,7,09-04-2020
São Roque do Pico,3,09-04-2020
Sátão,5,09-04-2020
Vila Nova de Foz Côa,69,09-04-2020
Seia,5,09-04-2020
Seixal,116,09-04-2020
Sesimbra,16,09-04-2020
Vila Real,131,09-04-2020
Setúbal,44,09-04-2020
Vila Real de Santo António,13,09-04-2020
Sever do Vouga,5,09-04-2020
Vila Verde,57,09-04-2020
Silves,15,09-04-2020
Vimioso,7,09-04-2020
Sines,4,09-04-2020
Sintra,334,09-04-2020
Soure,10,09-04-2020
Tavira,25,09-04-2020
Terras de Bouro,6,09-04-2020
Tomar,8,09-04-2020
Tondela,7,09-04-2020
Torre de Moncorvo,19,09-04-2020
Trofa,66,09-04-2020
Vagos,9,09-04-2020
Viana do Castelo,82,09-04-2020
Vila do Conde,55,09-04-2020
Vila Flor,5,09-04-2020
Vila Franca de Xira,48,09-04-2020
Vila Nova de Gaia,631,09-04-2020
Vila Nova de Poiares,3,09-04-2020
Vila Pouca de Aguiar,3,09-04-2020
Vinhais,10,09-04-2020
Viseu,55,09-04-2020
Abrantes,4,11-04-2020
Águeda,32,11-04-2020
Albergaria-a-Velha,52,11-04-2020
Albufeira,52,11-04-2020
Alcácer do Sal,5,11-04-2020
Alcanena,3,11-04-2020
Alcobaça,7,11-04-2020
Alcochete,9,11-04-2020
Alenquer,15,11-04-2020
Almada,142,11-04-2020
Almeida,6,11-04-2020
Almeirim,10,11-04-2020
Alpiarça,5,11-04-2020
Alvaiázere,22,11-04-2020
Amadora,153,11-04-2020
Amarante,35,11-04-2020
Amares,25,11-04-2020
Anadia,13,11-04-2020
Ansião,4,11-04-2020
Arcos de Valdevez,39,11-04-2020
Arganil,3,11-04-2020
Arouca,25,11-04-2020
Aveiro,160,11-04-2020
Baião,6,11-04-2020
Barcelos,133,11-04-2020
Barreiro,74,11-04-2020
Batalha,4,11-04-2020
Beja,6,11-04-2020
Benavente,26,11-04-2020
Braga,579,11-04-2020
Bragança,82,11-04-2020
Cabeceiras de Basto,7,11-04-2020
Cadaval,3,11-04-2020
Caldas da Rainha,6,11-04-2020
Calheta (Açores),4,11-04-2020
Câmara de Lobos,7,11-04-2020
Caminha,9,11-04-2020
Cantanhede,28,11-04-2020
Carraz. de Ansiães,5,11-04-2020
Carregal do Sal,7,11-04-2020
Cartaxo,18,11-04-2020
Cascais,251,11-04-2020
Castelo de Paiva,7,11-04-2020
Castro Daire,81,11-04-2020
Celorico da Beira,7,11-04-2020
Celorico de Basto,8,11-04-2020
Chaves,19,11-04-2020
Cinfães,6,11-04-2020
Coimbra,265,11-04-2020
Condeixa-a-Nova,40,11-04-2020
Coruche,16,11-04-2020
Póvoa de Varzim,56,11-04-2020
Covilhã,5,11-04-2020
Reg. de Monsaraz,8,11-04-2020
Elvas,4,11-04-2020
Espinho,42,11-04-2020
Esposende,26,11-04-2020
Estarreja,44,11-04-2020
Valpaços,5,11-04-2020
Évora,21,11-04-2020
Velas,6,11-04-2020
Fafe,28,11-04-2020
Viana do Castelo,95,11-04-2020
Faro,42,11-04-2020
Santa Cruz,6,11-04-2020
Felgueiras,145,11-04-2020
Santa Maria da Feira,265,11-04-2020
Figueira da Foz,12,11-04-2020
Santarém,45,11-04-2020
Fig. de Cast. Rodrigo,3,11-04-2020
Santiago do Cacém,11,11-04-2020
Figueiró dos Vinhos,4,11-04-2020
Vila Flor,5,11-04-2020
Funchal,26,11-04-2020
Vila Franca de Xira,60,11-04-2020
Góis,5,11-04-2020
Vila N. da Barquinha,3,11-04-2020
Gondomar,646,11-04-2020
Vila N. de Cerveira,4,11-04-2020
Gouveia,12,11-04-2020
Grândola,4,11-04-2020
Guarda,15,11-04-2020
Seia,5,11-04-2020
Guimarães,189,11-04-2020
Seixal,127,11-04-2020
Horta,6,11-04-2020
Ílhavo,87,11-04-2020
Sesimbra,17,11-04-2020
Lagoa (Faro),3,11-04-2020
Lagos,3,11-04-2020
Lamego,13,11-04-2020
Leiria,36,11-04-2020
Lisboa,867,11-04-2020
Loulé,41,11-04-2020
Loures,191,11-04-2020
Lourinhã,5,11-04-2020
Lousã,7,11-04-2020
Lousada,107,11-04-2020
Mac. de Cavaleiros,17,11-04-2020
Madalena,5,11-04-2020
Mafra,52,11-04-2020
Maia,565,11-04-2020
Mangualde,34,11-04-2020
Marco de Canaveses,43,11-04-2020
Marinha Grande,10,11-04-2020
Matosinhos,643,11-04-2020
Mealhada,11,11-04-2020
Melgaço,14,11-04-2020
Miranda do Corvo,8,11-04-2020
Miranda do Douro,4,11-04-2020
Mirandela,17,11-04-2020
Moimenta da Beira,8,11-04-2020
Moita,51,11-04-2020
Monção,11,11-04-2020
Montemor-o-Velho,14,11-04-2020
Montijo,38,11-04-2020
Moura,22,11-04-2020
Murtosa,6,11-04-2020
Nelas,13,11-04-2020
Óbidos,3,11-04-2020
Odivelas,131,11-04-2020
Oeiras,163,11-04-2020
Olhão,11,11-04-2020
Oliveira de Azeméis,114,11-04-2020
Oliveira de Frades,8,11-04-2020
Oliveira do Bairro,15,11-04-2020
Oliveira do Hospital,4,11-04-2020
Ourém,25,11-04-2020
Ovar,403,11-04-2020
Vila Pouca de Aguiar,3,11-04-2020
Paços de Ferreira,146,11-04-2020
Palmela,14,11-04-2020
Paredes,141,11-04-2020
Paredes de Coura,6,11-04-2020
Penacova,9,11-04-2020
Penafiel,84,11-04-2020
Peniche,6,11-04-2020
Peso da Régua,13,11-04-2020
Pinhel,9,11-04-2020
Pombal,31,11-04-2020
Ponta do Sol,5,11-04-2020
Ponte da Barca,4,11-04-2020
Ponte de Lima,19,11-04-2020
Portimão,29,11-04-2020
Porto,852,11-04-2020
Porto de Mós,3,11-04-2020
Porto Santo,5,11-04-2020
Póvoa de Lanhoso,27,11-04-2020
Vale de Cambra,52,11-04-2020
Resende,53,11-04-2020
Valença,6,11-04-2020
Rio Maior,8,11-04-2020
Valongo,464,11-04-2020
Sabrosa,3,11-04-2020
Salvaterra de Magos,5,11-04-2020
Santa Comba Dão,3,11-04-2020
Vieira do Minho,13,11-04-2020
Vila Praia da Vitória,8,11-04-2020
Vila do Conde,77,11-04-2020
Santo Tirso,128,11-04-2020
São João da Madeira,44,11-04-2020
São Pedro do Sul,8,11-04-2020
São Roque do Pico,3,11-04-2020
Vila N. de Famalicão,193,11-04-2020
Sátão,5,11-04-2020
Vila Nova de Foz Côa,70,11-04-2020
Serpa,17,11-04-2020
Setúbal,52,11-04-2020
V. R. Santo António,13,11-04-2020
Sever do Vouga,7,11-04-2020
Silves,15,11-04-2020
Sines,4,11-04-2020
Sintra,374,11-04-2020
Soure,12,11-04-2020
Tábua,4,11-04-2020
Tavira,26,11-04-2020
Terras de Bouro,6,11-04-2020
Tomar,9,11-04-2020
Tondela,7,11-04-2020
Torre de Moncorvo,21,11-04-2020
Torres Novas,9,11-04-2020
Torres Vedras,29,11-04-2020
Trancoso,11,11-04-2020
Trofa,75,11-04-2020
Vagos,13,11-04-2020
Vila Nova de Gaia,758,11-04-2020
Vila Nova de Poiares,3,11-04-2020
Vila Real,134,11-04-2020
Vila Verde,62,11-04-2020
Vimioso,8,11-04-2020
Vinhais,10,11-04-2020
Viseu,65,11-04-2020
Vizela,21,11-04-2020
Abrantes,4,12-04-2020
Águeda,32,12-04-2020
Albergaria-a-Velha,52,12-04-2020
Albufeira,52,12-04-2020
Alcácer do Sal,5,12-04-2020
Alcanena,3,12-04-2020
Alcobaça,7,12-04-2020
Alcochete,9,12-04-2020
Alenquer,15,12-04-2020
Almada,144,12-04-2020
Almeida,6,12-04-2020
Almeirim,10,12-04-2020
Alpiarça,6,12-04-2020
Alvaiázere,23,12-04-2020
Amadora,155,12-04-2020
Amarante,38,12-04-2020
Amares,26,12-04-2020
Anadia,13,12-04-2020
Ansião,4,12-04-2020
Arcos de Valdevez,42,12-04-2020
Arganil,3,12-04-2020
Arouca,26,12-04-2020
Aveiro,164,12-04-2020
Baião,6,12-04-2020
Barcelos,137,12-04-2020
Barreiro,74,12-04-2020
Batalha,4,12-04-2020
Beja,6,12-04-2020
Benavente,27,12-04-2020
Braga,621,12-04-2020
Bragança,84,12-04-2020
Cabeceiras de Basto,8,12-04-2020
Cadaval,3,12-04-2020
Caldas da Rainha,7,12-04-2020
Calheta (Açores),4,12-04-2020
Câmara de Lobos,7,12-04-2020
Caminha,9,12-04-2020
Cantanhede,28,12-04-2020
Carrazeda de Ansiães,5,12-04-2020
Pinhel,9,12-04-2020
Carregal do Sal,7,12-04-2020
Cartaxo,18,12-04-2020
Cascais,261,12-04-2020
Castelo de Paiva,7,12-04-2020
Castro Daire,91,12-04-2020
Celorico da Beira,7,12-04-2020
Celorico de Basto,9,12-04-2020
Chaves,19,12-04-2020
Cinfães,7,12-04-2020
Torres Vedras,29,12-04-2020
Coimbra,269,12-04-2020
Condeixa-a-Nova,41,12-04-2020
Coruche,16,12-04-2020
Póvoa de Varzim,60,12-04-2020
Covilhã,5,12-04-2020
Reg. de Monsaraz,8,12-04-2020
Elvas,4,12-04-2020
Espinho,42,12-04-2020
Esposende,27,12-04-2020
Estarreja,44,12-04-2020
Valpaços,5,12-04-2020
Évora,21,12-04-2020
Velas,6,12-04-2020
Fafe,29,12-04-2020
Viana do Castelo,104,12-04-2020
Faro,50,12-04-2020
Santa Cruz,6,12-04-2020
Felgueiras,159,12-04-2020
Santa Maria da Feira,269,12-04-2020
Figueira da Foz,12,12-04-2020
Santarém,47,12-04-2020
Fig. de Cast. Rodrigo,3,12-04-2020
Santiago do Cacém,11,12-04-2020
Figueiró dos Vinhos,4,12-04-2020
Funchal,26,12-04-2020
Góis,5,12-04-2020
Vila N. da Barquinha,3,12-04-2020
Gondomar,681,12-04-2020
Vila N. de Cerveira,4,12-04-2020
Gouveia,12,12-04-2020
Grândola,4,12-04-2020
Guarda,16,12-04-2020
Guimarães,201,12-04-2020
Seixal,129,12-04-2020
Horta,6,12-04-2020
Serpa,17,12-04-2020
Ílhavo,88,12-04-2020
Vila Pouca de Aguiar,3,12-04-2020
Lagoa (Faro),3,12-04-2020
Palmela,14,12-04-2020
Lagos,3,12-04-2020
Paredes,150,12-04-2020
Lamego,13,12-04-2020
Paredes de Coura,6,12-04-2020
Leiria,38,12-04-2020
Penacova,9,12-04-2020
Lisboa,890,12-04-2020
Penafiel,91,12-04-2020
Loulé,42,12-04-2020
Peniche,7,12-04-2020
Loures,196,12-04-2020
Peso da Régua,15,12-04-2020
Lourinhã,5,12-04-2020
Tábua,4,12-04-2020
Lousã,7,12-04-2020
Lousada,115,12-04-2020
Mac. de Cavaleiros,18,12-04-2020
Madalena,5,12-04-2020
Mafra,53,12-04-2020
Maia,588,12-04-2020
Mangualde,35,12-04-2020
Marco de Canaveses,45,12-04-2020
Marinha Grande,12,12-04-2020
Matosinhos,682,12-04-2020
Mealhada,12,12-04-2020
Melgaço,14,12-04-2020
Miranda do Corvo,8,12-04-2020
Miranda do Douro,4,12-04-2020
Resende,53,12-04-2020
Mirandela,17,12-04-2020
Rio Maior,8,12-04-2020
Moimenta da Beira,8,12-04-2020
Moita,51,12-04-2020
Monção,11,12-04-2020
Montemor-o-Velho,14,12-04-2020
Montijo,40,12-04-2020
Moura,22,12-04-2020
Murtosa,6,12-04-2020
Nelas,13,12-04-2020
Óbidos,3,12-04-2020
Odivelas,136,12-04-2020
Vila Franca de Xira,61,12-04-2020
Oeiras,167,12-04-2020
Olhão,11,12-04-2020
Oliveira de Azeméis,117,12-04-2020
São Roque do Pico,3,12-04-2020
Oliveira de Frades,8,12-04-2020
Sátão,5,12-04-2020
Oliveira do Bairro,15,12-04-2020
Seia,5,12-04-2020
Oliveira do Hospital,5,12-04-2020
Vila Nova de Gaia,796,12-04-2020
Ourém,26,12-04-2020
Vila Nova de Poiares,3,12-04-2020
Ovar,409,12-04-2020
Paços de Ferreira,158,12-04-2020
Setúbal,53,12-04-2020
Sever do Vouga,7,12-04-2020
Vila Verde,70,12-04-2020
Silves,15,12-04-2020
Sines,4,12-04-2020
Sintra,394,12-04-2020
Soure,12,12-04-2020
Vizela,23,12-04-2020
Pombal,31,12-04-2020
Ponta do Sol,5,12-04-2020
Ponte da Barca,4,12-04-2020
Ponte de Lima,19,12-04-2020
Portimão,29,12-04-2020
Porto,885,12-04-2020
Porto de Mós,4,12-04-2020
Porto Santo,5,12-04-2020
Trancoso,12,12-04-2020
Póvoa de Lanhoso,28,12-04-2020
Trofa,79,12-04-2020
Vagos,13,12-04-2020
Vale de Cambra,55,12-04-2020
Valença,6,12-04-2020
Valongo,479,12-04-2020
Sabrosa,3,12-04-2020
Salvaterra de Magos,5,12-04-2020
Santa Comba Dão,4,12-04-2020
Vieira do Minho,14,12-04-2020
Vila Praia da Vitória,8,12-04-2020
Vila do Conde,86,12-04-2020
Vila Flor,5,12-04-2020
Santo Tirso,139,12-04-2020
São João da Madeira,44,12-04-2020
São Pedro do Sul,8,12-04-2020
Vila N. de Famalicão,211,12-04-2020
Vila Nova de Foz Côa,70,12-04-2020
Sesimbra,17,12-04-2020
Vila Real,137,12-04-2020
V. R. Santo António,13,12-04-2020
Vimioso,8,12-04-2020
Vinhais,10,12-04-2020
Viseu,68,12-04-2020
Tavira,27,12-04-2020
Terras de Bouro,7,12-04-2020
Tomar,9,12-04-2020
Tondela,8,12-04-2020
Torre de Moncorvo,22,12-04-2020
Torres Novas,9,12-04-2020
Abrantes,4,13-04-2020
Águeda,32,13-04-2020
Albergaria-a-Velha,52,13-04-2020
Albufeira,55,13-04-2020
Alcácer do Sal,5,13-04-2020
Alcanena,3,13-04-2020
Alcobaça,7,13-04-2020
Alcochete,9,13-04-2020
Alenquer,15,13-04-2020
Almada,148,13-04-2020
Almeida,6,13-04-2020
Almeirim,10,13-04-2020
Alpiarça,6,13-04-2020
Alvaiázere,23,13-04-2020
Amadora,159,13-04-2020
Amarante,39,13-04-2020
Amares,28,13-04-2020
Anadia,15,13-04-2020
Ansião,4,13-04-2020
Arcos de Valdevez,42,13-04-2020
Arganil,4,13-04-2020
Arouca,26,13-04-2020
Aveiro,165,13-04-2020
Baião,6,13-04-2020
Barcelos,141,13-04-2020
Barreiro,75,13-04-2020
Batalha,4,13-04-2020
Beja,6,13-04-2020
Benavente,27,13-04-2020
Bombarral,3,13-04-2020
Braga,647,13-04-2020
Bragança,85,13-04-2020
Cabeceiras de Basto,8,13-04-2020
Cadaval,3,13-04-2020
Caldas da Rainha,7,13-04-2020
Calheta (Açores),5,13-04-2020
Câmara de Lobos,7,13-04-2020
Caminha,9,13-04-2020
Cantanhede,27,13-04-2020
Carraz. de Ansiães,5,13-04-2020
Lourinhã,4,13-04-2020
Carregal do Sal,7,13-04-2020
Lousã,8,13-04-2020
Cartaxo,18,13-04-2020
Cascais,264,13-04-2020
Castelo de Paiva,7,13-04-2020
Castro Daire,91,13-04-2020
Celorico da Beira,7,13-04-2020
Celorico de Basto,9,13-04-2020
Porto,921,13-04-2020
Chaves,19,13-04-2020
Cinfães,7,13-04-2020
Coimbra,275,13-04-2020
Condeixa-a-Nova,41,13-04-2020
Coruche,16,13-04-2020
Covilhã,5,13-04-2020
Elvas,4,13-04-2020
Espinho,45,13-04-2020
Rio Maior,9,13-04-2020
Esposende,28,13-04-2020
Estarreja,46,13-04-2020
Évora,21,13-04-2020
Fafe,30,13-04-2020
Faro,52,13-04-2020
Felgueiras,163,13-04-2020
Figueira da Foz,13,13-04-2020
Fig. de Cast. Rodrigo,3,13-04-2020
Santiago do Cacém,11,13-04-2020
Figueiró dos Vinhos,4,13-04-2020
Odivelas,141,13-04-2020
Funchal,26,13-04-2020
Oeiras,168,13-04-2020
Góis,6,13-04-2020
Olhão,12,13-04-2020
Gondomar,701,13-04-2020
Oliveira de Azeméis,118,13-04-2020
Gouveia,13,13-04-2020
Oliveira de Frades,8,13-04-2020
Grândola,6,13-04-2020
Oliveira do Bairro,15,13-04-2020
Guarda,16,13-04-2020
Oliveira do Hospital,6,13-04-2020
Guimarães,214,13-04-2020
Ourém,26,13-04-2020
Horta,6,13-04-2020
Serpa,17,13-04-2020
Ovar,416,13-04-2020
Ílhavo,88,13-04-2020
Vila Pouca de Aguiar,3,13-04-2020
Paços de Ferreira,163,13-04-2020
Lagoa (Faro),3,13-04-2020
Palmela,15,13-04-2020
Lagos,3,13-04-2020
Paredes,165,13-04-2020
Lamego,15,13-04-2020
Paredes de Coura,6,13-04-2020
Leiria,38,13-04-2020
Penacova,9,13-04-2020
Lisboa,905,13-04-2020
Penafiel,98,13-04-2020
Loulé,42,13-04-2020
Peniche,7,13-04-2020
Loures,201,13-04-2020
Peso da Régua,15,13-04-2020
Pinhel,9,13-04-2020
Lousada,124,13-04-2020
Mac. de Cavaleiros,18,13-04-2020
Madalena,5,13-04-2020
Mafra,55,13-04-2020
Maia,600,13-04-2020
Mangualde,50,13-04-2020
Torres Novas,9,13-04-2020
Marco de Canaveses,45,13-04-2020
Marinha Grande,12,13-04-2020
Matosinhos,715,13-04-2020
Mealhada,13,13-04-2020
Melgaço,14,13-04-2020
Miranda do Corvo,8,13-04-2020
Miranda do Douro,4,13-04-2020
Mirandela,17,13-04-2020
Moimenta da Beira,8,13-04-2020
Moita,52,13-04-2020
Monção,20,13-04-2020
Montemor-o-Velho,14,13-04-2020
Montijo,40,13-04-2020
Moura,22,13-04-2020
Murtosa,6,13-04-2020
Santarém,47,13-04-2020
Nelas,13,13-04-2020
Óbidos,3,13-04-2020
Santo Tirso,149,13-04-2020
Vila Franca de Xira,62,13-04-2020
São João da Madeira,45,13-04-2020
São Pedro do Sul,8,13-04-2020
Vila N. de Cerveira,4,13-04-2020
São Roque do Pico,3,13-04-2020
Vila N. de Famalicão,225,13-04-2020
Sátão,5,13-04-2020
Seia,5,13-04-2020
Vila Nova de Gaia,842,13-04-2020
Seixal,129,13-04-2020
Vila Nova de Poiares,3,13-04-2020
Sesimbra,17,13-04-2020
Sever do Vouga,7,13-04-2020
Vila Verde,87,13-04-2020
Silves,19,13-04-2020
Sines,4,13-04-2020
Sintra,397,13-04-2020
Soure,12,13-04-2020
Tábua,15,13-04-2020
Pombal,32,13-04-2020
Ponta do Sol,5,13-04-2020
Ponte da Barca,4,13-04-2020
Ponte de Lima,19,13-04-2020
Portimão,30,13-04-2020
Porto de Mós,4,13-04-2020
Porto Santo,5,13-04-2020
Póvoa de Lanhoso,29,13-04-2020
Póvoa de Varzim,62,13-04-2020
Reg. de Monsaraz,8,13-04-2020
Vale de Cambra,60,13-04-2020
Resende,53,13-04-2020
Valença,6,13-04-2020
Valongo,491,13-04-2020
Sabrosa,4,13-04-2020
Valpaços,5,13-04-2020
Salvaterra de Magos,5,13-04-2020
Velas,6,13-04-2020
Santa Comba Dão,4,13-04-2020
Viana do Castelo,104,13-04-2020
Santa Cruz,6,13-04-2020
Vieira do Minho,15,13-04-2020
Santa Maria da Feira,279,13-04-2020
Vila Praia da Vitória,8,13-04-2020
Vila do Conde,130,13-04-2020
Vila Flor,5,13-04-2020
Vila N. da Barquinha,3,13-04-2020
Vila Nova de Foz Côa,68,13-04-2020
Vila Real,138,13-04-2020
V. R. Santo António,14,13-04-2020
Vimioso,8,13-04-2020
Vinhais,10,13-04-2020
Viseu,69,13-04-2020
Vizela,26,13-04-2020
Tavira,29,13-04-2020
Terras de Bouro,7,13-04-2020
Tomar,9,13-04-2020
Tondela,8,13-04-2020
Torre de Moncorvo,22,13-04-2020
Torres Vedras,26,13-04-2020
Trancoso,12,13-04-2020
Trofa,84,13-04-2020
Vagos,13,13-04-2020
Abrantes,4,14-04-2020
Águeda,34,14-04-2020
Albergaria-a-Velha,54,14-04-2020
Albufeira,55,14-04-2020
Alcácer do Sal,5,14-04-2020
Alcanena,3,14-04-2020
Alcobaça,8,14-04-2020
Alcochete,10,14-04-2020
Alenquer,15,14-04-2020
Almada,148,14-04-2020
Almeida,6,14-04-2020
Almeirim,11,14-04-2020
Alpiarça,6,14-04-2020
Alvaiázere,23,14-04-2020
Amadora,165,14-04-2020
Amarante,41,14-04-2020
Amares,28,14-04-2020
Anadia,18,14-04-2020
Ansião,4,14-04-2020
Arcos de Valdevez,44,14-04-2020
Arganil,4,14-04-2020
Arouca,28,14-04-2020
Aveiro,170,14-04-2020
Azambuja,3,14-04-2020
Baião,6,14-04-2020
Barcelos,141,14-04-2020
Barreiro,76,14-04-2020
Batalha,4,14-04-2020
Beja,8,14-04-2020
Benavente,29,14-04-2020
Bombarral,3,14-04-2020
Braga,647,14-04-2020
Bragança,86,14-04-2020
Cabeceiras de Basto,10,14-04-2020
Cadaval,3,14-04-2020
Caldas da Rainha,7,14-04-2020
Calheta (Açores),5,14-04-2020
Câmara de Lobos,7,14-04-2020
Caminha,10,14-04-2020
Cantanhede,31,14-04-2020
Carraz. de Ansiães,5,14-04-2020
Carregal do Sal,7,14-04-2020
Cartaxo,19,14-04-2020
Cascais,269,14-04-2020
Castelo de Paiva,8,14-04-2020
Castro Daire,91,14-04-2020
Celorico da Beira,7,14-04-2020
Celorico de Basto,9,14-04-2020
Chamusca,3,14-04-2020
Porto,959,14-04-2020
Chaves,20,14-04-2020
Cinfães,8,14-04-2020
Coimbra,293,14-04-2020
Condeixa-a-Nova,43,14-04-2020
Coruche,18,14-04-2020
Covilhã,5,14-04-2020
Elvas,4,14-04-2020
Espinho,45,14-04-2020
Esposende,28,14-04-2020
Estarreja,48,14-04-2020
Évora,21,14-04-2020
Fafe,30,14-04-2020
Faro,52,14-04-2020
Felgueiras,168,14-04-2020
Figueira da Foz,14,14-04-2020
Santarém,50,14-04-2020
Fig. de Cast. Rodrigo,3,14-04-2020
Figueiró dos Vinhos,4,14-04-2020
Funchal,27,14-04-2020
Vila N. da Barquinha,3,14-04-2020
Góis,8,14-04-2020
Gondomar,718,14-04-2020
Gouveia,13,14-04-2020
Grândola,7,14-04-2020
Guarda,16,14-04-2020
Guimarães,219,14-04-2020
Horta,6,14-04-2020
Ílhavo,88,14-04-2020
Lagoa (Faro),3,14-04-2020
Lagos,3,14-04-2020
Lamego,16,14-04-2020
Leiria,43,14-04-2020
Lisboa,946,14-04-2020
Loulé,43,14-04-2020
Loures,212,14-04-2020
Lourinhã,4,14-04-2020
Lousã,8,14-04-2020
Lousada,124,14-04-2020
Mac. de Cavaleiros,18,14-04-2020
Madalena,5,14-04-2020
Mafra,57,14-04-2020
Maia,645,14-04-2020
Mangualde,50,14-04-2020
Marco de Canaveses,45,14-04-2020
Marinha Grande,12,14-04-2020
Matosinhos,768,14-04-2020
Mealhada,13,14-04-2020
Melgaço,15,14-04-2020
Miranda do Corvo,8,14-04-2020
Miranda do Douro,4,14-04-2020
Mirandela,17,14-04-2020
Moimenta da Beira,8,14-04-2020
Moita,53,14-04-2020
Monção,20,14-04-2020
Montemor-o-Velho,14,14-04-2020
Montijo,40,14-04-2020
Moura,27,14-04-2020
Murtosa,6,14-04-2020
Nelas,13,14-04-2020
Óbidos,3,14-04-2020
Odivelas,142,14-04-2020
Oeiras,180,14-04-2020
Olhão,12,14-04-2020
Oliveira de Azeméis,118,14-04-2020
Oliveira de Frades,8,14-04-2020
Oliveira do Bairro,16,14-04-2020
Oliveira do Hospital,6,14-04-2020
Ourém,26,14-04-2020
Ovar,435,14-04-2020
Paços de Ferreira,167,14-04-2020
Palmela,15,14-04-2020
Paredes,166,14-04-2020
Paredes de Coura,6,14-04-2020
Pedrógão,3,14-04-2020
Penacova,9,14-04-2020
Penafiel,100,14-04-2020
Peniche,7,14-04-2020
Peso da Régua,15,14-04-2020
Pinhel,15,14-04-2020
Pombal,33,14-04-2020
Ponta do Sol,5,14-04-2020
Ponte da Barca,4,14-04-2020
Ponte de Lima,21,14-04-2020
Portalegre,3,14-04-2020
Torre de Moncorvo,22,14-04-2020
Portimão,32,14-04-2020
Torres Novas,9,14-04-2020
Torres Vedras,28,14-04-2020
Porto de Mós,4,14-04-2020
Porto Santo,5,14-04-2020
Póvoa de Lanhoso,29,14-04-2020
Póvoa de Varzim,69,14-04-2020
Vale de Cambra,63,14-04-2020
Reg. de Monsaraz,8,14-04-2020
Valença,6,14-04-2020
Resende,53,14-04-2020
Valongo,507,14-04-2020
Rio Maior,11,14-04-2020
Sabrosa,4,14-04-2020
Salvaterra de Magos,5,14-04-2020
Santa Comba Dão,4,14-04-2020
Vieira do Minho,15,14-04-2020
Santa Cruz,6,14-04-2020
Vila Praia da Vitória,8,14-04-2020
Santa Maria da Feira,279,14-04-2020
Santiago do Cacém,11,14-04-2020
Santo Tirso,160,14-04-2020
São João da Madeira,48,14-04-2020
Vila N. de Cerveira,4,14-04-2020
São Pedro do Sul,8,14-04-2020
São Roque do Pico,3,14-04-2020
Sátão,5,14-04-2020
Seia,5,14-04-2020
Seixal,129,14-04-2020
Serpa,17,14-04-2020
Sesimbra,17,14-04-2020
Vila Real,139,14-04-2020
Setúbal,56,14-04-2020
V. R. Santo António,14,14-04-2020
Sever do Vouga,7,14-04-2020
Vila Verde,90,14-04-2020
Silves,20,14-04-2020
Sines,4,14-04-2020
Sintra,404,14-04-2020
Soure,13,14-04-2020
Tábua,16,14-04-2020
Tavira,30,14-04-2020
Terras de Bouro,7,14-04-2020
Tomar,9,14-04-2020
Tondela,8,14-04-2020
Trancoso,12,14-04-2020
Trofa,86,14-04-2020
Vagos,13,14-04-2020
Valpaços,5,14-04-2020
Velas,6,14-04-2020
Viana do Castelo,110,14-04-2020
Vila do Conde,137,14-04-2020
Vila Flor,5,14-04-2020
Vila Franca de Xira,67,14-04-2020
Vila N. de Famalicão,228,14-04-2020
Vila Nova de Foz Côa,68,14-04-2020
Vila Nova de Gaia,884,14-04-2020
Vila Nova de Poiares,3,14-04-2020
Vila Pouca de Aguiar,3,14-04-2020
Vimioso,8,14-04-2020
Vinhais,10,14-04-2020
Viseu,69,14-04-2020
Vizela,26,14-04-2020
Abrantes,4,15-04-2020
Águeda,35,15-04-2020
Albergaria-a-Velha,56,15-04-2020
Albufeira,59,15-04-2020
Alcácer do Sal,5,15-04-2020
Alcanena,4,15-04-2020
Alcobaça,8,15-04-2020
Alcochete,10,15-04-2020
Alenquer,16,15-04-2020
Alfândega da Fé,3,15-04-2020
Almada,145,15-04-2020
Almeida,6,15-04-2020
Almeirim,13,15-04-2020
Almodôvar,3,15-04-2020
Alpiarça,6,15-04-2020
Alvaiázere,23,15-04-2020
Amadora,175,15-04-2020
Amarante,47,15-04-2020
Amares,30,15-04-2020
Anadia,18,15-04-2020
Ansião,4,15-04-2020
Arcos de Valdevez,44,15-04-2020
Arganil,4,15-04-2020
Arouca,27,15-04-2020
Aveiro,203,15-04-2020
Azambuja,4,15-04-2020
Baião,7,15-04-2020
Barcelos,138,15-04-2020
Barreiro,76,15-04-2020
Batalha,4,15-04-2020
Beja,9,15-04-2020
Benavente,29,15-04-2020
Bombarral,3,15-04-2020
Braga,692,15-04-2020
Bragança,87,15-04-2020
Cabeceiras de Basto,11,15-04-2020
Cadaval,4,15-04-2020
Caldas da Rainha,7,15-04-2020
Calheta (Açores),4,15-04-2020
Câmara de Lobos,8,15-04-2020
Caminha,11,15-04-2020
Cantanhede,34,15-04-2020
Carrazeda de Ansiães,5,15-04-2020
Carregal do Sal,7,15-04-2020
Cartaxo,20,15-04-2020
Cascais,273,15-04-2020
Castelo de Paiva,8,15-04-2020
Castro Daire,99,15-04-2020
Castro Marim,3,15-04-2020
Celorico da Beira,7,15-04-2020
Celorico de Basto,9,15-04-2020
Chamusca,3,15-04-2020
Chaves,20,15-04-2020
Cinfães,8,15-04-2020
Coimbra,302,15-04-2020
Condeixa-a-Nova,45,15-04-2020
Coruche,21,15-04-2020
Covilhã,5,15-04-2020
Reguengos Monsaraz,8,15-04-2020
Elvas,4,15-04-2020
Espinho,45,15-04-2020
Esposende,26,15-04-2020
Estarreja,48,15-04-2020
Évora,21,15-04-2020
Fafe,29,15-04-2020
Faro,53,15-04-2020
Felgueiras,186,15-04-2020
Figueira da Foz,14,15-04-2020
Fig. de Castelo Rodrigo,3,15-04-2020
Figueiró dos Vinhos,4,15-04-2020
Funchal,27,15-04-2020
Góis,8,15-04-2020
Gondomar,738,15-04-2020
Vila Nova de Famalicão,235,15-04-2020
Gouveia,14,15-04-2020
Grândola,7,15-04-2020
Guarda,16,15-04-2020
Seia,5,15-04-2020
Guimarães,236,15-04-2020
Horta,6,15-04-2020
Ílhavo,89,15-04-2020
Lagoa (Faro),3,15-04-2020
Lagos,3,15-04-2020
Lamego,25,15-04-2020
Leiria,44,15-04-2020
Lisboa,962,15-04-2020
Loulé,48,15-04-2020
Loures,221,15-04-2020
Lourinhã,4,15-04-2020
Lousã,8,15-04-2020
Lousada,128,15-04-2020
Macedo de Cavaleiros,19,15-04-2020
Madalena,5,15-04-2020
Mafra,59,15-04-2020
Maia,672,15-04-2020
Mangualde,50,15-04-2020
Marco de Canaveses,47,15-04-2020
Marinha Grande,12,15-04-2020
Matosinhos,798,15-04-2020
Mealhada,14,15-04-2020
Melgaço,23,15-04-2020
Miranda do Corvo,9,15-04-2020
Miranda do Douro,4,15-04-2020
Mirandela,17,15-04-2020
Moimenta da Beira,7,15-04-2020
Moita,54,15-04-2020
Monção,27,15-04-2020
Montemor-o-Velho,14,15-04-2020
Montijo,39,15-04-2020
Moura,27,15-04-2020
Murça,3,15-04-2020
Murtosa,6,15-04-2020
Nelas,12,15-04-2020
Santarém,53,15-04-2020
Óbidos,3,15-04-2020
Odivelas,146,15-04-2020
Oeiras,180,15-04-2020
Olhão,12,15-04-2020
Oliveira de Azeméis,130,15-04-2020
Oliveira de Frades,8,15-04-2020
Oliveira do Bairro,16,15-04-2020
Oliveira do Hospital,7,15-04-2020
Ourém,26,15-04-2020
Ovar,455,15-04-2020
Paços de Ferreira,178,15-04-2020
Palmela,16,15-04-2020
Paredes,174,15-04-2020
Paredes de Coura,6,15-04-2020
Pedrógão Grande,3,15-04-2020
Penacova,10,15-04-2020
Penafiel,104,15-04-2020
Peniche,7,15-04-2020
Peso da Régua,24,15-04-2020
Pinhel,20,15-04-2020
Pombal,31,15-04-2020
Ponta Delgada,3,15-04-2020
Ponta do Sol,5,15-04-2020
Ponte da Barca,4,15-04-2020
Tondela,8,15-04-2020
Ponte de Lima,22,15-04-2020
Torre de Moncorvo,23,15-04-2020
Portalegre,3,15-04-2020
Portimão,32,15-04-2020
Porto,980,15-04-2020
Porto de Mós,4,15-04-2020
Trofa,91,15-04-2020
Porto Santo,5,15-04-2020
Vagos,13,15-04-2020
Póvoa de Lanhoso,25,15-04-2020
Póvoa de Varzim,71,15-04-2020
Resende,54,15-04-2020
Rio Maior,11,15-04-2020
Sabrosa,4,15-04-2020
Salvaterra Magos,5,15-04-2020
Santa Comba Dão,4,15-04-2020
Santa Cruz,6,15-04-2020
Santa Maria Feira,292,15-04-2020
Vila Flor,5,15-04-2020
Santiago do Cacém,11,15-04-2020
Santo Tirso,173,15-04-2020
São João da Madeira,51,15-04-2020
São Pedro do Sul,7,15-04-2020
São Roque do Pico,3,15-04-2020
Vila Nova de Foz Côa,72,15-04-2020
Sátão,5,15-04-2020
Vila Nova de Gaia,923,15-04-2020
Seixal,129,15-04-2020
Serpa,18,15-04-2020
Sesimbra,16,15-04-2020
V. R. de Santo António,14,15-04-2020
Setúbal,59,15-04-2020
Vila Verde,92,15-04-2020
Sever do Vouga,21,15-04-2020
Silves,21,15-04-2020
Sines,4,15-04-2020
Sintra,421,15-04-2020
Soure,13,15-04-2020
Tábua,20,15-04-2020
Tavira,30,15-04-2020
Terras de Bouro,6,15-04-2020
Tomar,10,15-04-2020
Torres Novas,10,15-04-2020
Torres Vedras,32,15-04-2020
Trancoso,15,15-04-2020
Vale de Cambra,66,15-04-2020
Valença,6,15-04-2020
Valongo,529,15-04-2020
Valpaços,5,15-04-2020
Velas,6,15-04-2020
Viana do Castelo,120,15-04-2020
Vieira do Minho,19,15-04-2020
Vila Praia da Vitória,7,15-04-2020
Vila do Conde,174,15-04-2020
Vila Franca de Xira,71,15-04-2020
Vila Nova da Barquinha,3,15-04-2020
Vila Nova de Cerveira,4,15-04-2020
Vila Nova de Poiares,3,15-04-2020
Vila Pouca de Aguiar,3,15-04-2020
Vila Real,143,15-04-2020
Vimioso,8,15-04-2020
Vinhais,10,15-04-2020
Viseu,61,15-04-2020
Vizela,25,15-04-2020
Abrantes,5,16-04-2020
Águeda,38,16-04-2020
Albergaria-a-Velha,56,16-04-2020
Albufeira,62,16-04-2020
Alcácer do Sal,5,16-04-2020
Alcanena,6,16-04-2020
Alcobaça,9,16-04-2020
Alcochete,11,16-04-2020
Alenquer,16,16-04-2020
Alfândega da Fé,3,16-04-2020
Almada,149,16-04-2020
Almeida,6,16-04-2020
Almeirim,13,16-04-2020
Almodôvar,3,16-04-2020
Alpiarça,6,16-04-2020
Alvaiázere,23,16-04-2020
Amadora,205,16-04-2020
Amarante,50,16-04-2020
Amares,33,16-04-2020
Anadia,19,16-04-2020
Ansião,5,16-04-2020
Arcos de Valdevez,45,16-04-2020
Arganil,6,16-04-2020
Arouca,26,16-04-2020
Aveiro,227,16-04-2020
Azambuja,4,16-04-2020
Baião,8,16-04-2020
Barcelos,156,16-04-2020
Barreiro,80,16-04-2020
Batalha,4,16-04-2020
Beja,9,16-04-2020
Benavente,27,16-04-2020
Bombarral,3,16-04-2020
Braga,775,16-04-2020
Bragança,88,16-04-2020
Cabeceiras de Basto,10,16-04-2020
Cadaval,4,16-04-2020
Caldas da Rainha,7,16-04-2020
Calheta (Açores),5,16-04-2020
Câmara de Lobos,8,16-04-2020
Caminha,11,16-04-2020
Cantanhede,38,16-04-2020
Loures,231,16-04-2020
Peniche,7,16-04-2020
Carrazeda de Ansiães,5,16-04-2020
Lourinhã,4,16-04-2020
Peso da Régua,44,16-04-2020
Carregal do Sal,7,16-04-2020
Cartaxo,20,16-04-2020
Cascais,275,16-04-2020
Castelo Branco,3,16-04-2020
Castelo de Paiva,8,16-04-2020
Castro Daire,99,16-04-2020
Castro Marim,3,16-04-2020
Celorico da Beira,7,16-04-2020
Marco de Canaveses,51,16-04-2020
Celorico de Basto,11,16-04-2020
Chamusca,4,16-04-2020
Chaves,20,16-04-2020
Cinfães,8,16-04-2020
Melgaço,31,16-04-2020
Coimbra,325,16-04-2020
Condeixa-a-Nova,49,16-04-2020
Vale de Cambra,71,16-04-2020
Coruche,22,16-04-2020
Valença,7,16-04-2020
Covilhã,5,16-04-2020
Elvas,4,16-04-2020
Moita,56,16-04-2020
Espinho,51,16-04-2020
Monção,31,16-04-2020
Esposende,31,16-04-2020
Estarreja,48,16-04-2020
Salvaterra Magos,5,16-04-2020
Évora,20,16-04-2020
Mortágua,3,16-04-2020
Fafe,35,16-04-2020
Moura,28,16-04-2020
Faro,54,16-04-2020
Murça,4,16-04-2020
Felgueiras,198,16-04-2020
Murtosa,7,16-04-2020
Figueira da Foz,17,16-04-2020
Nelas,13,16-04-2020
Fig. de Castelo Rodrigo,3,16-04-2020
Óbidos,3,16-04-2020
Figueiró dos Vinhos,4,16-04-2020
Odivelas,152,16-04-2020
Funchal,27,16-04-2020
Oeiras,182,16-04-2020
Góis,8,16-04-2020
Olhão,13,16-04-2020
Gondomar,777,16-04-2020
Oliveira de Azeméis,143,16-04-2020
Gouveia,14,16-04-2020
Oliveira de Frades,6,16-04-2020
Grândola,7,16-04-2020
Oliveira do Bairro,16,16-04-2020
Guarda,17,16-04-2020
Oliveira do Hospital,7,16-04-2020
Guimarães,262,16-04-2020
Ourém,26,16-04-2020
Horta,6,16-04-2020
Ovar,487,16-04-2020
Ílhavo,90,16-04-2020
Paços de Ferreira,177,16-04-2020
Lagoa (Faro),3,16-04-2020
Palmela,18,16-04-2020
Lagos,3,16-04-2020
Paredes,184,16-04-2020
Lamego,25,16-04-2020
Paredes de Coura,6,16-04-2020
Sever do Vouga,28,16-04-2020
Leiria,47,16-04-2020
Pedrógão Grande,3,16-04-2020
Silves,21,16-04-2020
Lisboa,996,16-04-2020
Penacova,10,16-04-2020
Loulé,52,16-04-2020
Penafiel,110,16-04-2020
Vizela,32,16-04-2020
Sintra,437,16-04-2020
Soure,17,16-04-2020
Lousã,8,16-04-2020
Lousada,139,16-04-2020
Macedo de Cavaleiros,19,16-04-2020
Madalena,5,16-04-2020
Mafra,59,16-04-2020
Maia,686,16-04-2020
Mangualde,50,16-04-2020
Portalegre,3,16-04-2020
Torres Novas,10,16-04-2020
Marinha Grande,13,16-04-2020
Matosinhos,824,16-04-2020
Mealhada,15,16-04-2020
Trofa,97,16-04-2020
Porto Santo,5,16-04-2020
Miranda do Corvo,11,16-04-2020
Póvoa de Lanhoso,31,16-04-2020
Miranda do Douro,4,16-04-2020
Póvoa de Varzim,77,16-04-2020
Mirandela,17,16-04-2020
Reguengos Monsaraz,8,16-04-2020
Moimenta da Beira,9,16-04-2020
Resende,57,16-04-2020
Rio Maior,12,16-04-2020
Montemor-o-Velho,15,16-04-2020
Montijo,40,16-04-2020
Santa Comba Dão,5,16-04-2020
Santa Cruz,6,16-04-2020
Santa Maria Feira,306,16-04-2020
Santa Marta de Penaguião,3,16-04-2020
Vila Flor,5,16-04-2020
Santarém,53,16-04-2020
Santiago do Cacém,12,16-04-2020
Santo Tirso,199,16-04-2020
Vila Nova de Cerveira,6,16-04-2020
São João da Madeira,52,16-04-2020
São Pedro do Sul,8,16-04-2020
Vila Nova de Foz Côa,72,16-04-2020
São Roque do Pico,3,16-04-2020
Vila Nova de Gaia,956,16-04-2020
Sátão,5,16-04-2020
Vila Nova de Poiares,3,16-04-2020
Seia,5,16-04-2020
Vila Pouca de Aguiar,3,16-04-2020
Seixal,134,16-04-2020
Vila Real,144,16-04-2020
Serpa,18,16-04-2020
V. R. de Santo António,14,16-04-2020
Sesimbra,19,16-04-2020
Vila Verde,106,16-04-2020
Setúbal,60,16-04-2020
Vimioso,8,16-04-2020
Vinhais,10,16-04-2020
Viseu,67,16-04-2020
Sines,4,16-04-2020
Vouzela,3,16-04-2020
Pinhel,21,16-04-2020
Pombal,31,16-04-2020
Ponta Delgada,3,16-04-2020
Ponta do Sol,5,16-04-2020
Ponte da Barca,4,16-04-2020
Tondela,8,16-04-2020
Ponte de Lima,22,16-04-2020
Torre de Moncorvo,23,16-04-2020
Portimão,32,16-04-2020
Porto,988,16-04-2020
Trancoso,16,16-04-2020
Porto de Mós,4,16-04-2020
Vagos,15,16-04-2020
Valongo,552,16-04-2020
Valpaços,5,16-04-2020
Sabrosa,4,16-04-2020
Viana do Castelo,125,16-04-2020
Vieira do Minho,24,16-04-2020
Vila Praia da Vitória,7,16-04-2020
Vila do Conde,182,16-04-2020
Vila Franca de Xira,72,16-04-2020
Vila Nova da Barquinha,3,16-04-2020
Vila Nova de Famalicão,246,16-04-2020
Tábua,22,16-04-2020
Tavira,30,16-04-2020
Terras de Bouro,8,16-04-2020
Tomar,10,16-04-2020
Torres Vedras,32,16-04-2020
Velas,6,16-04-2020
Abrantes,7,17-04-2020
Águeda,40,17-04-2020
Albergaria-a-Velha,57,17-04-2020
Albufeira,63,17-04-2020
Alcácer do Sal,5,17-04-2020
Alcanena,6,17-04-2020
Alcobaça,10,17-04-2020
Alcochete,12,17-04-2020
Alenquer,16,17-04-2020
Alfândega da Fé,3,17-04-2020
Almada,152,17-04-2020
Almeida,6,17-04-2020
Almeirim,13,17-04-2020
Almodôvar,3,17-04-2020
Alpiarça,6,17-04-2020
Alvaiázere,23,17-04-2020
Amadora,220,17-04-2020
Amarante,50,17-04-2020
Amares,33,17-04-2020
Anadia,20,17-04-2020
Ansião,5,17-04-2020
Arcos de Valdevez,47,17-04-2020
Arganil,6,17-04-2020
Arouca,26,17-04-2020
Aveiro,232,17-04-2020
Azambuja,4,17-04-2020
Baião,8,17-04-2020
Barcelos,156,17-04-2020
Barreiro,81,17-04-2020
Batalha,4,17-04-2020
Beja,9,17-04-2020
Benavente,27,17-04-2020
Bombarral,3,17-04-2020
Braga,798,17-04-2020
Bragança,89,17-04-2020
Cabeceiras de Basto,10,17-04-2020
Cadaval,4,17-04-2020
Caldas da Rainha,8,17-04-2020
Calheta (Açores),4,17-04-2020
Câmara de Lobos,8,17-04-2020
Caminha,12,17-04-2020
Cantanhede,38,17-04-2020
Loures,240,17-04-2020
Carrazeda de Ansiães,5,17-04-2020
Lourinhã,4,17-04-2020
Lousã,8,17-04-2020
Carregal do Sal,10,17-04-2020
Cartaxo,20,17-04-2020
Cascais,280,17-04-2020
Castelo Branco,3,17-04-2020
Castelo de Paiva,8,17-04-2020
Castro Daire,100,17-04-2020
Castro Marim,3,17-04-2020
Celorico da Beira,8,17-04-2020
Celorico de Basto,12,17-04-2020
Chamusca,4,17-04-2020
Torres Vedras,32,17-04-2020
Chaves,21,17-04-2020
Porto de Mós,6,17-04-2020
Cinfães,8,17-04-2020
Porto Santo,5,17-04-2020
Coimbra,345,17-04-2020
Miranda do Corvo,11,17-04-2020
Condeixa-a-Nova,53,17-04-2020
Coruche,22,17-04-2020
Mirandela,17,17-04-2020
Covilhã,5,17-04-2020
Valença,7,17-04-2020
Elvas,4,17-04-2020
Resende,57,17-04-2020
Espinho,52,17-04-2020
Rio Maior,12,17-04-2020
Esposende,31,17-04-2020
Montemor-o-Velho,15,17-04-2020
Sabrosa,4,17-04-2020
Estarreja,48,17-04-2020
Évora,20,17-04-2020
Mortágua,3,17-04-2020
Fafe,35,17-04-2020
Vieira do Minho,24,17-04-2020
Faro,58,17-04-2020
Vila da Praia da Vitória,7,17-04-2020
Felgueiras,201,17-04-2020
Vila do Conde,186,17-04-2020
Figueira da Foz,17,17-04-2020
Nelas,13,17-04-2020
Vila Flor,5,17-04-2020
Figueira de Castelo Rodrigo,3,17-04-2020
Óbidos,3,17-04-2020
Santarém,54,17-04-2020
Odivelas,154,17-04-2020
Figueiró dos Vinhos,4,17-04-2020
Oeiras,186,17-04-2020
Funchal,27,17-04-2020
Góis,8,17-04-2020
Gondomar,797,17-04-2020
Vila Nova de Famalicão,250,17-04-2020
Gouveia,16,17-04-2020
Vila Nova de Foz Côa,76,17-04-2020
Grândola,7,17-04-2020
São Roque do Pico,3,17-04-2020
Oliveira do Hospital,8,17-04-2020
Guarda,18,17-04-2020
Sátão,5,17-04-2020
Guimarães,277,17-04-2020
Seia,7,17-04-2020
Horta,6,17-04-2020
Seixal,139,17-04-2020
Ílhavo,90,17-04-2020
Lagoa (Faro),4,17-04-2020
Vila Real de Santo António,14,17-04-2020
Lagos,3,17-04-2020
Vila Verde,107,17-04-2020
Lamego,27,17-04-2020
Leiria,51,17-04-2020
Lisboa,1020,17-04-2020
Penafiel,110,17-04-2020
Loulé,52,17-04-2020
Penela,3,17-04-2020
Sines,4,17-04-2020
Peniche,8,17-04-2020
Peso da Régua,45,17-04-2020
Lousada,139,17-04-2020
Macedo de Cavaleiros,19,17-04-2020
Madalena,5,17-04-2020
Mafra,64,17-04-2020
Maia,714,17-04-2020
Mangualde,51,17-04-2020
Manteigas,3,17-04-2020
Marco de Canaveses,52,17-04-2020
Marinha Grande,14,17-04-2020
Matosinhos,845,17-04-2020
Mealhada,15,17-04-2020
Melgaço,32,17-04-2020
Trofa,101,17-04-2020
Póvoa de Lanhoso,32,17-04-2020
Miranda do Douro,4,17-04-2020
Póvoa de Varzim,79,17-04-2020
Vale de Cambra,72,17-04-2020
Moimenta da Beira,10,17-04-2020
Moita,58,17-04-2020
Valongo,562,17-04-2020
Monção,54,17-04-2020
Valpaços,5,17-04-2020
Montijo,40,17-04-2020
Salvaterra de Magos,5,17-04-2020
Viana do Castelo,126,17-04-2020
Moura,28,17-04-2020
Murça,4,17-04-2020
Murtosa,7,17-04-2020
Santa Maria da Feira,311,17-04-2020
Santa Marta de Penaguião,3,17-04-2020
Vila Franca de Xira,75,17-04-2020
Santiago do Cacém,13,17-04-2020
Olhão,13,17-04-2020
Oliveira de Azeméis,145,17-04-2020
Oliveira de Frades,6,17-04-2020
Oliveira do Bairro,16,17-04-2020
Vila Nova de Gaia,972,17-04-2020
Ourém,27,17-04-2020
Ovar,498,17-04-2020
Paços de Ferreira,183,17-04-2020
Palmela,19,17-04-2020
Paredes,186,17-04-2020
Paredes de Coura,6,17-04-2020
Pedrógão Grande,3,17-04-2020
Setúbal,60,17-04-2020
Penacova,11,17-04-2020
Sever do Vouga,28,17-04-2020
Silves,21,17-04-2020
Vizela,34,17-04-2020
Sintra,463,17-04-2020
Pinhel,21,17-04-2020
Pombal,37,17-04-2020
Ponta Delgada,3,17-04-2020
Ponta do Sol,5,17-04-2020
Ponte da Barca,4,17-04-2020
Ponte de Lima,22,17-04-2020
Portalegre,3,17-04-2020
Portimão,32,17-04-2020
Torres Novas,10,17-04-2020
Porto,1017,17-04-2020
Trancoso,16,17-04-2020
Vagos,15,17-04-2020
Reguengos de Monsaraz,8,17-04-2020
Velas,6,17-04-2020
Santa Comba Dão,6,17-04-2020
Santa Cruz,6,17-04-2020
Vila Nova da Barquinha,3,17-04-2020
Santo Tirso,215,17-04-2020
Vila Nova de Cerveira,6,17-04-2020
São João da Madeira,52,17-04-2020
São Pedro do Sul,8,17-04-2020
Vila Nova de Poiares,3,17-04-2020
Vila Pouca de Aguiar,3,17-04-2020
Vila Real,145,17-04-2020
Serpa,18,17-04-2020
Sertã,3,17-04-2020
Sesimbra,19,17-04-2020
Vimioso,8,17-04-2020
Vinhais,10,17-04-2020
Viseu,71,17-04-2020
Vouzela,4,17-04-2020
Soure,18,17-04-2020
Tábua,22,17-04-2020
Tavira,35,17-04-2020
Terras de Bouro,8,17-04-2020
Tomar,10,17-04-2020
Tondela,9,17-04-2020
Torre de Moncorvo,23,17-04-2020
Abrantes,7,18-04-2020
Águeda,41,18-04-2020
Albergaria-a-Velha,57,18-04-2020
Albufeira,64,18-04-2020
Alcácer do Sal,5,18-04-2020
Alcanena,6,18-04-2020
Alcobaça,11,18-04-2020
Alcochete,13,18-04-2020
Alenquer,16,18-04-2020
Alfândega da Fé,4,18-04-2020
Almada,155,18-04-2020
Almeida,6,18-04-2020
Almeirim,14,18-04-2020
Almodôvar,3,18-04-2020
Alpiarça,6,18-04-2020
Alvaiázere,25,18-04-2020
Amadora,220,18-04-2020
Amarante,55,18-04-2020
Amares,33,18-04-2020
Anadia,20,18-04-2020
Ansião,5,18-04-2020
Arcos de Valdevez,49,18-04-2020
Arganil,6,18-04-2020
Arouca,26,18-04-2020
Arruda dos Vinhos,4,18-04-2020
Aveiro,235,18-04-2020
Azambuja,5,18-04-2020
Baião,8,18-04-2020
Barcelos,162,18-04-2020
Barreiro,81,18-04-2020
Batalha,4,18-04-2020
Beja,9,18-04-2020
Benavente,27,18-04-2020
Bombarral,3,18-04-2020
Braga,831,18-04-2020
Bragança,91,18-04-2020
Cabeceiras de Basto,11,18-04-2020
Cadaval,4,18-04-2020
Caldas da Rainha,10,18-04-2020
Calheta (Açores),4,18-04-2020
Câmara de Lobos,9,18-04-2020
Caminha,12,18-04-2020
Cantanhede,40,18-04-2020
Carrazeda de Ansiães,5,18-04-2020
Carregal do Sal,10,18-04-2020
Cartaxo,21,18-04-2020
Cascais,286,18-04-2020
Castelo Branco,3,18-04-2020
Castelo de Paiva,8,18-04-2020
Castro Daire,100,18-04-2020
Castro Marim,3,18-04-2020
Celorico da Beira,8,18-04-2020
Celorico de Basto,13,18-04-2020
Torres Novas,11,18-04-2020
Chamusca,5,18-04-2020
Porto,1040,18-04-2020
Chaves,21,18-04-2020
Porto de Mós,6,18-04-2020
Cinfães,7,18-04-2020
Coimbra,350,18-04-2020
Póvoa de Lanhoso,33,18-04-2020
Condeixa-a-Nova,60,18-04-2020
Coruche,23,18-04-2020
Covilhã,5,18-04-2020
Elvas,4,18-04-2020
Valongo,580,18-04-2020
Espinho,53,18-04-2020
Rio Maior,12,18-04-2020
Esposende,32,18-04-2020
Montemor-o-Velho,15,18-04-2020
Estarreja,55,18-04-2020
Montijo,40,18-04-2020
Évora,20,18-04-2020
Mortágua,3,18-04-2020
Fafe,57,18-04-2020
Moura,28,18-04-2020
Faro,55,18-04-2020
Murça,4,18-04-2020
Felgueiras,219,18-04-2020
Murtosa,7,18-04-2020
Figueira da Foz,18,18-04-2020
Nelas,13,18-04-2020
Fig. de Castelo Rodrigo,3,18-04-2020
Óbidos,3,18-04-2020
Figueiró dos Vinhos,4,18-04-2020
Odivelas,158,18-04-2020
Funchal,26,18-04-2020
Oeiras,191,18-04-2020
Góis,9,18-04-2020
Gondomar,820,18-04-2020
Gouveia,17,18-04-2020
Grândola,7,18-04-2020
Vila Nova de Gaia,1005,18-04-2020
Guarda,18,18-04-2020
Vila Nova de Poiares,3,18-04-2020
Guimarães,388,18-04-2020
Seia,8,18-04-2020
Horta,6,18-04-2020
Seixal,143,18-04-2020
Ílhavo,91,18-04-2020
Lagoa (Faro),4,18-04-2020
Lagos,3,18-04-2020
Lamego,28,18-04-2020
Leiria,53,18-04-2020
Lisboa,1033,18-04-2020
Loulé,52,18-04-2020
Loures,251,18-04-2020
Lourinhã,5,18-04-2020
Lousã,8,18-04-2020
Lousada,139,18-04-2020
Macedo de Cavaleiros,19,18-04-2020
Madalena,5,18-04-2020
Mafra,65,18-04-2020
Maia,744,18-04-2020
Mangualde,53,18-04-2020
Manteigas,3,18-04-2020
Marco de Canaveses,52,18-04-2020
Marinha Grande,14,18-04-2020
Matosinhos,860,18-04-2020
Mealhada,15,18-04-2020
Melgaço,31,18-04-2020
Mira,3,18-04-2020
Miranda do Corvo,11,18-04-2020
Miranda do Douro,4,18-04-2020
Vale de Cambra,85,18-04-2020
Mirandela,16,18-04-2020
Valença,7,18-04-2020
Moimenta da Beira,10,18-04-2020
Resende,59,18-04-2020
Moita,60,18-04-2020
Monção,54,18-04-2020
Sabrosa,4,18-04-2020
Velas,6,18-04-2020
Salvaterra de Magos,7,18-04-2020
Viana do Castelo,127,18-04-2020
Vieira do Minho,24,18-04-2020
Santa Cruz,6,18-04-2020
Vila da Praia da Vitória,7,18-04-2020
Santa Maria da Feira,323,18-04-2020
Vila do Conde,191,18-04-2020
Sta. Marta Penaguião,3,18-04-2020
Vila Flor,5,18-04-2020
Santarém,59,18-04-2020
Vila Franca de Xira,91,18-04-2020
Vila Nova da Barquinha,3,18-04-2020
Santo Tirso,232,18-04-2020
Olhão,13,18-04-2020
São João da Madeira,52,18-04-2020
Oliveira de Azeméis,149,18-04-2020
São Pedro do Sul,8,18-04-2020
Oliveira de Frades,6,18-04-2020
Oliveira do Bairro,16,18-04-2020
Oliveira do Hospital,10,18-04-2020
Ourém,28,18-04-2020
Ovar,504,18-04-2020
Paços de Ferreira,194,18-04-2020
Serpa,18,18-04-2020
Palmela,19,18-04-2020
Sertã,3,18-04-2020
Paredes,192,18-04-2020
Vila Verde,117,18-04-2020
Paredes de Coura,6,18-04-2020
Vimioso,8,18-04-2020
Pedrógão Grande,3,18-04-2020
Penacova,12,18-04-2020
Penafiel,112,18-04-2020
Penela,3,18-04-2020
Peniche,8,18-04-2020
Peso da Régua,47,18-04-2020
Pinhel,24,18-04-2020
Pombal,38,18-04-2020
Ponta Delgada,7,18-04-2020
Ponta do Sol,5,18-04-2020
Ponte da Barca,4,18-04-2020
Ponte de Lima,22,18-04-2020
Portalegre,4,18-04-2020
Portimão,32,18-04-2020
Trancoso,17,18-04-2020
Porto Santo,5,18-04-2020
Trofa,105,18-04-2020
Vagos,15,18-04-2020
Póvoa de Varzim,80,18-04-2020
Reg. de Monsaraz,7,18-04-2020
Valpaços,5,18-04-2020
Santa Comba Dão,7,18-04-2020
Santiago do Cacém,13,18-04-2020
Vila Nova de Cerveira,6,18-04-2020
Vila Nova de Famalicão,259,18-04-2020
Vila Nova de Foz Côa,84,18-04-2020
São Roque do Pico,3,18-04-2020
Sátão,7,18-04-2020
Vila Pouca de Aguiar,3,18-04-2020
Sesimbra,20,18-04-2020
Setúbal,62,18-04-2020
Sever do Vouga,28,18-04-2020
Silves,21,18-04-2020
Sines,4,18-04-2020
Sintra,480,18-04-2020
Soure,18,18-04-2020
Tábua,22,18-04-2020
Tavira,33,18-04-2020
Terras de Bouro,8,18-04-2020
Tomar,10,18-04-2020
Tondela,10,18-04-2020
Torre de Moncorvo,23,18-04-2020
Torres Vedras,32,18-04-2020
Vila Real,147,18-04-2020
Vila Real Santo António,14,18-04-2020
Vinhais,18,18-04-2020
Viseu,72,18-04-2020
Vizela,52,18-04-2020
Vouzela,4,18-04-2020
Abrantes,7,19-04-2020
Águeda,42,19-04-2020
Albergaria-a-Velha,57,19-04-2020
Albufeira,63,19-04-2020
Alcácer do Sal,5,19-04-2020
Alcanena,6,19-04-2020
Alcobaça,12,19-04-2020
Alcochete,13,19-04-2020
Alenquer,15,19-04-2020
Alfândega da Fé,4,19-04-2020
Almada,161,19-04-2020
Almeida,6,19-04-2020
Almeirim,13,19-04-2020
Almodôvar,3,19-04-2020
Alpiarça,6,19-04-2020
Alvaiázere,25,19-04-2020
Amadora,225,19-04-2020
Amarante,60,19-04-2020
Amares,34,19-04-2020
Anadia,20,19-04-2020
Ansião,5,19-04-2020
Arcos de Valdevez,51,19-04-2020
Arganil,6,19-04-2020
Arouca,27,19-04-2020
Arruda dos Vinhos,4,19-04-2020
Aveiro,236,19-04-2020
Azambuja,5,19-04-2020
Baião,8,19-04-2020
Barcelos,174,19-04-2020
Barreiro,80,19-04-2020
Batalha,4,19-04-2020
Beja,9,19-04-2020
Benavente,28,19-04-2020
Bombarral,3,19-04-2020
Braga,848,19-04-2020
Bragança,94,19-04-2020
Cabeceiras de Basto,12,19-04-2020
Cadaval,4,19-04-2020
Caldas da Rainha,10,19-04-2020
Calheta (Açores),4,19-04-2020
Câmara de Lobos,18,19-04-2020
Caminha,13,19-04-2020
Cantanhede,43,19-04-2020
Carrazeda de Ansiães,5,19-04-2020
Carregal do Sal,11,19-04-2020
Cartaxo,22,19-04-2020
Cascais,285,19-04-2020
Castelo Branco,4,19-04-2020
Castelo de Paiva,8,19-04-2020
Castro Daire,101,19-04-2020
Castro Marim,3,19-04-2020
Celorico da Beira,8,19-04-2020
Celorico de Basto,13,19-04-2020
Torres Novas,10,19-04-2020
Chamusca,6,19-04-2020
Torres Vedras,30,19-04-2020
Chaves,21,19-04-2020
Porto de Mós,6,19-04-2020
Cinfães,8,19-04-2020
Porto Santo,5,19-04-2020
Coimbra,355,19-04-2020
Póvoa de Lanhoso,33,19-04-2020
Condeixa-a-Nova,60,19-04-2020
Coruche,24,19-04-2020
Covilhã,5,19-04-2020
Elvas,4,19-04-2020
Valongo,585,19-04-2020
Espinho,56,19-04-2020
Rio Maior,12,19-04-2020
Esposende,34,19-04-2020
Montemor-o-Velho,15,19-04-2020
Estarreja,56,19-04-2020
Montijo,41,19-04-2020
Évora,17,19-04-2020
Mortágua,4,19-04-2020
Fafe,61,19-04-2020
Moura,28,19-04-2020
Faro,56,19-04-2020
Murça,4,19-04-2020
Felgueiras,234,19-04-2020
Murtosa,7,19-04-2020
Figueira da Foz,18,19-04-2020
Nelas,14,19-04-2020
Fig. de Castelo Rodrigo,3,19-04-2020
Óbidos,3,19-04-2020
Figueiró dos Vinhos,4,19-04-2020
Odivelas,163,19-04-2020
Funchal,26,19-04-2020
Oeiras,196,19-04-2020
Góis,9,19-04-2020
Gondomar,834,19-04-2020
Gouveia,17,19-04-2020
Grândola,7,19-04-2020
Vila Nova de Gaia,1035,19-04-2020
Guarda,18,19-04-2020
Vila Nova de Poiares,3,19-04-2020
Guimarães,398,19-04-2020
Seia,8,19-04-2020
Ílhavo,91,19-04-2020
Lagoa (Faro),4,19-04-2020
Lagos,3,19-04-2020
Lamego,29,19-04-2020
Leiria,54,19-04-2020
Lisboa,1038,19-04-2020
Loulé,53,19-04-2020
Loures,257,19-04-2020
Lourinhã,5,19-04-2020
Lousã,8,19-04-2020
Lousada,144,19-04-2020
Macedo de Cavaleiros,19,19-04-2020
Madalena,5,19-04-2020
Mafra,65,19-04-2020
Maia,744,19-04-2020
Mangualde,60,19-04-2020
Manteigas,3,19-04-2020
Marco de Canaveses,55,19-04-2020
Marinha Grande,14,19-04-2020
Matosinhos,875,19-04-2020
Mealhada,13,19-04-2020
Melgaço,32,19-04-2020
Mira,3,19-04-2020
Miranda do Corvo,12,19-04-2020
Miranda do Douro,6,19-04-2020
Vale de Cambra,91,19-04-2020
Mirandela,16,19-04-2020
Valença,7,19-04-2020
Moimenta da Beira,11,19-04-2020
Resende,59,19-04-2020
Moita,60,19-04-2020
Monção,54,19-04-2020
Sabrosa,4,19-04-2020
Velas,6,19-04-2020
Salvaterra de Magos,7,19-04-2020
Viana do Castelo,128,19-04-2020
Santa Comba Dão,8,19-04-2020
Santa Cruz,6,19-04-2020
Vila da Praia da Vitória,7,19-04-2020
Santa Maria da Feira,338,19-04-2020
Vila do Conde,197,19-04-2020
Santa Marta de Penaguião,3,19-04-2020
Vila Flor,5,19-04-2020
Santarém,60,19-04-2020
Vila Franca de Xira,99,19-04-2020
Santiago do Cacém,13,19-04-2020
Santo Tirso,246,19-04-2020
Olhão,14,19-04-2020
São João da Madeira,52,19-04-2020
Oliveira de Azeméis,149,19-04-2020
São Pedro do Sul,8,19-04-2020
Oliveira de Frades,7,19-04-2020
Oliveira do Bairro,18,19-04-2020
Oliveira do Hospital,10,19-04-2020
Ourém,29,19-04-2020
Ovar,511,19-04-2020
Seixal,138,19-04-2020
Paços de Ferreira,203,19-04-2020
Serpa,18,19-04-2020
Palmela,19,19-04-2020
Sertã,4,19-04-2020
Paredes,203,19-04-2020
Vila Verde,127,19-04-2020
Paredes de Coura,7,19-04-2020
Vimioso,8,19-04-2020
Pedrógão Grande,3,19-04-2020
Penacova,13,19-04-2020
Penafiel,119,19-04-2020
Penela,3,19-04-2020
Peniche,9,19-04-2020
Peso da Régua,47,19-04-2020
Pinhel,23,19-04-2020
Pombal,39,19-04-2020
Ponta Delgada,7,19-04-2020
Ponta do Sol,5,19-04-2020
Ponte da Barca,5,19-04-2020
Ponte de Lima,22,19-04-2020
Portalegre,6,19-04-2020
Portimão,33,19-04-2020
Porto,1059,19-04-2020
Trancoso,17,19-04-2020
Trofa,105,19-04-2020
Vagos,15,19-04-2020
Póvoa de Varzim,87,19-04-2020
Reguengos de Monsaraz,7,19-04-2020
Valpaços,5,19-04-2020
Vila Nova da Barquinha,3,19-04-2020
Vila Nova de Cerveira,6,19-04-2020
Vila Nova de Famalicão,270,19-04-2020
Vila Nova de Foz Côa,82,19-04-2020
São Roque do Pico,3,19-04-2020
Sátão,7,19-04-2020
Vila Pouca de Aguiar,3,19-04-2020
Vila Real,147,19-04-2020
Sesimbra,20,19-04-2020
Setúbal,61,19-04-2020
Sever do Vouga,28,19-04-2020
Silves,21,19-04-2020
Sines,4,19-04-2020
Sintra,493,19-04-2020
Soure,18,19-04-2020
Tábua,24,19-04-2020
Tavira,33,19-04-2020
Terras de Bouro,8,19-04-2020
Tomar,10,19-04-2020
Tondela,13,19-04-2020
Torre de Moncorvo,23,19-04-2020
Vieira do Minho,26,19-04-2020
Vila Real de Santo António,14,19-04-2020
Vinhais,23,19-04-2020
Viseu,74,19-04-2020
Vizela,53,19-04-2020
Vouzela,5,19-04-2020
